Tipo_Noticia,Texto,Classificação,Percentual_Negativa,Percentual_Positiva,Percentual_Neutra,Data_Cadastro
Desmatamento,o numero de desmatamento no brasil esta crescendo a cada ano,Negativa,,,,2025-05-03 00:00:00
Políticas Públicas,apesar do grande desmatamento em nosso pais a policia vem conseguindo a cada ano intervir mais contra quem comete esse crime,Positiva,,,,2025-05-03 00:00:00
Mudanças Climáticas,um levantamento da federacao do comercio de sao paulo fecomerciosp que analisou empresas paulistas revela que dos estabelecimentos sofreram impactos de eventos climaticos extremos em as consequencias vao desde a interrupcao de operacoes por chuvas intensas ate o desabastecimento causado pelo calor extremo alem disso relataram prejuizos financeiros devido as condicoes adversas do clima eventos climaticos intensos como temporais com alagamentos quedas de arvores e ,Negativa,,,,2025-05-03 00:00:00
Políticas Públicas,fornece dados sobre queimadas no pais aponta queda historica em marco com avanco de incendios no cerrado giovanna machadoda cnn em sao paulo o brasil teve uma queda expressiva na area atingida por queimadas nos tres primeiros meses de segundo dados do monitor do fogo plataforma do mapbiomas o pais registrou mil hectares queimados entre janeiro e marco uma reducao de em relacao ao mesmo periodo de quando as queimadas ultrapassaram milhoes de hectares a maior parte da area queimada se concentrou na amazonia responsavel por do total com mil hectares afetados o estado de roraima liderou o ranking estadual somando mil hectares queimados no trimestre seguido pelo para mil ha e maranhao mil ha segundo felipe martenexen pesquisador do ipam e do mapbiomas fogo o destaque de roraima se explica pelo seu regime climatico distinto enquanto boa parte do brasil vive o periodo chuvoso roraima enfrenta sua estacao seca o que torna o estado mais vulneravel as queimadas nesse periodo pontua em marco de foram registrados mil hectares queimados o que representa uma queda de em comparacao ao mesmo mes do ano passado a amazonia respondeu por da area atingida com mil hectares queimados enquanto o cerrado foi responsavel por mil hectares apesar da tendencia geral de reducao o cerrado segue sendo motivo de preocupacao o bioma teve um aumento de na area queimada no trimestre em relacao a e marco registrou um crescimento de em relacao a media historica do mes esse dado reforca a importancia de estrategias especificas de prevencao e combate ao fogo para cada bioma brasileiro alerta vera arruda pesquisadora do ipam e do mapbiomas fogo desde o monitor do fogo realiza o mapeamento mensal das areas queimadas no brasil utilizando imagens de satelite com resolucao de metros a plataforma permite acompanhar em tempo quase real a extensao e a localizacao das areas afetadas sendo uma ferramenta estrategica para a gestao ambiental e o enfrentamento das mudancas climaticas todos os dados mapas e relatorios estao disponiveis publicamente no site do mapbiomas sob supervisao fique por dentro das ultimas noticias inscrevase em nossa newsletter e nao perca nenhum detalhe mais recentes da cnn,Positiva,,,,2025-05-03 00:00:00
Tecnologia Ambiental,apesar do desmatamento crescente novas tecnologias ajudam a detectar e prevenir queimadas com maior eficiencia,Positiva,,,,2025-05-03 00:00:00
Desmatamento,relatorio anual sobre desmatamento mostra numeros estaveis em comparacao ao ano anterior,Neutra,,,,2025-05-03 00:00:00
Desmatamento,desmatamento na amazonia bate novo recorde aumentando preocupacoes com a preservacao do bioma,Negativa,,,,2025-05-03 00:00:00
Restauração Ecológica,programa de reflorestamento recupera areas degradadas e ja conseguiu plantar milhoes de arvores nativas,Positiva,,,,2025-05-03 00:00:00
Mudanças Climáticas,especialistas debatem a relacao entre queimadas e mudancas climaticas em conferencia internacional,Neutra,,,,2025-05-03 00:00:00
Queimadas,queimadas descontroladas causam destruicao de milhares de hectares de vegetacao nativa,Negativa,,,,2025-05-03 00:00:00
Tecnologia Ambiental,monitoramento por satelite permite uma rapida identificacao de focos de incendio reduzindo danos ambientais,Positiva,,,,2025-05-03 00:00:00
Políticas Públicas,governo anuncia novos mecanismos para monitoramento ambiental sem efeitos imediatos na preservacao,Neutra,,,,2025-05-03 00:00:00
Desmatamento,novo estudo aponta que a floresta amazonica pode estar se aproximando do ponto de nao retorno devido ao desmatamento,Negativa,,,,2025-05-03 00:00:00
Conservação,comunidades indigenas fortalecem projetos de preservacao ajudando na conservacao de florestas tropicais,Positiva,,,,2025-05-03 00:00:00
Políticas Públicas,pesquisa revela que politicas de combate ao desmatamento precisam de mais investimento para serem eficazes,Neutra,,,,2025-05-03 00:00:00
Poluição,a fumaca gerada por incendios florestais afeta a qualidade do ar e a saude de milhoes de pessoas,Negativa,,,,2025-05-03 00:00:00
Políticas Públicas,parcerias internacionais ampliam investimentos na protecao da amazonia garantindo mais recursos para fiscalizacao,Positiva,,,,2025-05-03 00:00:00
Queimadas,queimadas em areas de pastagem continuam acontecendo mas sem grandes alteracoes nos indices,Neutra,,,,2025-05-03 00:00:00
Queimadas,numero de incendios criminosos cresce dificultando acoes de combate e fiscalizacao,Negativa,,,,2025-05-03 00:00:00
Políticas Públicas,esforcos de conscientizacao reduzem o numero de queimadas ilegais em diversas regioes do brasil,Positiva,,,,2025-05-03 00:00:00
Conservação,organizacoes ambientais discutem desafios e avancos na protecao da floresta amazonica,Neutra,,,,2025-05-03 00:00:00
Biodiversidade,especies ameacadas de extincao sofrem grande impacto devido a destruicao do habitat natural,Negativa,,,,2025-05-03 00:00:00
Políticas Públicas,governo intensifica acoes contra o desmatamento e aumenta multas para crimes ambientais,Positiva,,,,2025-05-03 00:00:00
Tecnologia Ambiental,novas tecnologias surgem para combater incendios florestais mas ainda enfrentam limitacoes,Neutra,,,,2025-05-03 00:00:00
Queimadas,falta de fiscalizacao permite avanco de queimadas ilegais em areas protegidas,Negativa,,,,2025-05-03 00:00:00
Políticas Públicas,empresas do agronegocio adotam praticas sustentaveis para reduzir impactos ambientais,Positiva,,,,2025-05-03 00:00:00
Queimadas,relatorio aponta reducao das queimadas em algumas regioes mas aumento em outras,Neutra,,,,2025-05-03 00:00:00
Desmatamento,expansao da fronteira agricola contribui para a perda acelerada de cobertura vegetal nativa,Negativa,,,,2025-05-03 00:00:00
Queimadas,brigadas especializadas conseguem conter incendios florestais antes que eles se espalhem,Positiva,,,,2025-05-03 00:00:00
Políticas Públicas,esforcos para conter o desmatamento seguem em andamento mas resultados concretos sao aguardados,Neutra,,,,2025-05-03 00:00:00
Biodiversidade,comunidades locais enfrentam dificuldades economicas devido a degradacao ambiental causada por incendios,Negativa,,,,2025-05-03 00:00:00
Restauração Ecológica,projetos de restauracao ecologica mostram resultados promissores na recuperacao de areas afetadas,Positiva,,,,2025-05-03 00:00:00
Políticas Públicas,debate sobre alternativas sustentaveis para reduzir a necessidade de queimadas na agricultura ganha destaque,Neutra,,,,2025-05-03 00:00:00
Mudanças Climáticas,impacto do desmatamento na regulacao climatica preocupa cientistas que alertam para consequencias futuras,Negativa,,,,2025-05-03 00:00:00
Desmatamento,area sob alertas de desmatamento na amazonia em agosto de 2024 foi a menor em seis anos segundo dados do sistema de monitoramento deterb do instituto nacional de pesquisas espaciais inpe a queda foi de 106 em relacao a agosto de 2023 quando o pais ja havia retomado as politicas ambientais e de 697 em relacao ao mesmo mes de 2022 manter a floresta em pe e um dos compromissos do governo federal ao lado do trabalho de combate aos incendios criminosos e de responsabilizacao dos culpado,Positiva,,,,2025-05-03 00:00:00
Desmatamento,a area desmatada na amazonia foi de 11088 km² entre agosto de 2019 e julho de 2020 de acordo com numeros oficiais do governo federal divulgados nesta segundafeira 30 pelo instituto nacional de pesquisas espaciais inpe de acordo com o inpe tratase de um aumento de 95 em relacao ao periodo anterior agosto de 2018 a julho de 2019 que registrou 10129 km² de area desmatada,Negativa,,,,2025-05-03 00:00:00
Queimadas,as queimadas no cerrado estao aumentando no ano de 2025,Negativa,,,,2025-05-03 00:00:00
Políticas Públicas,o governo esta conseguindo controlar o desmatamento e as queimadas em noso pais,Positiva,,,,2025-05-03 00:00:00
Desmatamento,pesquisadores divulgaram um novo levantamento sobre a atual situacao do desmatamento no cerrado analisando dados de perda de vegetacao nativa e os possiveis impactos ambientais e economicos o estudo indica que embora existam iniciativas voltadas a preservacao a conversao de areas naturais para uso agricola continua sendo um dos principais fatores de alteracao do biomaos especialistas destacam que a tendencia de expansao da producao rural requer estrategias para equilibrar desenvolvimento e conservacao enquanto alguns setores buscam solucoes sustentaveis outros apontam desafios para a implementacao de medidas mais eficazes de protecao ao cerrado,Neutra,,,,2025-05-03 00:00:00
Desmatamento,um relatorio divulgado por pesquisadores ambientais analisou a taxa de desmatamento no cerrado nos ultimos anos os dados indicam que embora haja variacoes sazonais a perda de vegetacao mantem um ritmo semelhante ao de periodos anteriores,Neutra,,,,2025-05-03 00:00:00
Desmatamento,pesquisadores alertam que o ritmo do desmatamento no cerrado tem aumentado nos ultimos anos colocando em risco diversas especies nativas e os recursos hidricos da regiao a conversao de areas naturais para a agricultura e pecuaria continua sendo um dos principais fatores da destruicao do bioma alem dos impactos ambientais comunidades locais enfrentam dificuldades com a perda de vegetacao afetando o equilibrio climatico e a disponibilidade de agua especialistas reforcam a necessidade de politicas mais rigidas e medidas de fiscalizacao para conter a degradacao do cerrado e preservar seus ecossistemas unicos,Negativa,,,,2025-05-03 00:00:00
Restauração Ecológica,projetos de reflorestamento e manejo sustentavel tem avancado significativamente na recuperacao de areas desmatadas no cerrado organizacoes ambientais pesquisadores e produtores rurais estao implementando tecnicas inovadoras como o plantio de especies nativas e a regeneracao natural assistida para fortalecer a biodiversidade do bioma alem disso politicas de incentivo a conservacao e praticas agricolas mais sustentaveis tem ajudado a reduzir o impacto ambiental na regiao especialistas afirmam que com a continuidade desses esforcos sera possivel garantir um equilibrio entre o desenvolvimento economico e a preservacao do ecossistema,Positiva,,,,2025-05-03 00:00:00
Políticas Públicas,apesar de alertas previos o brasil enfrentou graves incendios devido a falta de acoes preventivas e planos de emergencia especialistas apontam que essa inacao governamental prejudicou a imagem do pais e afastou investimentos internacionais,Negativa,,,,2025-05-03 00:00:00
Desmatamento,desmatamento global ameaca ecossistemas e acelera mudancas climaticas relatorios recentes apontam que o desmatamento em escala global continua a avancar com florestas tropicais sendo destruidas a taxas alarmantes regioes como a amazonia o sudeste asiatico e a bacia do congo estao entre as mais afetadas perdendo vastas areas de cobertura vegetal devido a expansao agricola mineracao e exploracao madeireira especialistas alertam que a destruicao dessas florestas nao apenas ameaca a biodiversidade local mas tambem contribui significativamente para o aumento das emissoes de gases de efeito estufa agravando as mudancas climaticas a perda de habitats naturais coloca em risco milhares de especies e compromete a subsistencia de comunidades que dependem diretamente desses ecossistemas,Negativa,,,,2025-05-03 00:00:00
Políticas Públicas,paises ampliam esforcos para reflorestamento e combate ao desmatamento global um numero crescente de nacoes ao redor do mundo esta intensificando suas iniciativas para restaurar florestas degradadas e reduzir o desmatamento programas de reflorestamento liderados por governos ongs e empresas privadas estao plantando milhoes de arvores em regioes criticas com foco na preservacao da biodiversidade e na mitigacao dos efeitos das mudancas climaticas alem disso acordos internacionais tem incentivado politicas de conservacao em areas vulneraveis promovendo tecnologias sustentaveis e alternativas economicas para comunidades locais especialistas destacam que com colaboracao global e comprometimento continuo ha esperanca de reverter os danos e proteger os ecossistemas para futuras geracoes,Positiva,,,,2025-05-03 00:00:00
Desmatamento,relatorio apresenta dados sobre o desmatamento no cerrad um estudo recente trouxe informacoes detalhadas sobre o desmatamento no cerrado destacando que embora os numeros apresentem variacoes regionais a area total impactada permanece estavel em relacao aos anos anteriores os pesquisadores apontam que fatores como o avanco agricola e a legislacao ambiental tem influenciado as taxas de desmatamento na regiao com base nesses dados especialistas sugerem que o acompanhamento continuo e a adocao de praticas mais sustentaveis sao essenciais para entender e mitigar os impactos no bioma,Neutra,65.05,31.69,-3.25,2025-05-03 00:00:00
Desmatamento,pesquisadores acompanham dinamica do desmatamento em areas criticas do cerrado estudos recentes tem monitorado a dinamica do desmatamento em diversas areas do cerrado avaliando tanto os impactos ambientais quanto os sociais embora algumas regioes apresentem aumento na atividade agricola outras demonstram estabilizacao das taxas de conversao de terras os especialistas destacam que o comportamento do desmatamento varia conforme fatores locais como politicas publicas demanda economica e condicoes climaticas com base nesses levantamentos estrategias de manejo sustentavel estao sendo debatidas para atender as necessidades economicas sem comprometer o equilibrio ecologico do bioma,Neutra,32.61,63.49,-3.9,2025-05-03 00:00:00
Desmatamento,monitoramento ambiental revela padroes de desmatamento no cerrado um estudo realizado por instituicoes de pesquisa analisou os padroes do desmatamento no cerrado ao longo da ultima decada os dados mostram que enquanto algumas regioes tem enfrentado maior pressao da atividade agricola outras areas apresentam sinais de stabilizacao devido a acoes de monitoramento e fiscalizacao o relatorio tambem destaca a complexidade de equilibrar o crescimento economico com a preservacao ambiental ressaltando a importancia de dados consistentes para o planejamento de politicas publicas e praticas sustentaveis,Neutra,64.78,32.8,-2.42,2025-05-03 00:00:00
Conservação,comunidades locais promovem esforcos para reverter desmatamento no cerrado moradores e organizacoes comunitarias tem liderado iniciativas para restaurar areas degradadas no cerrado focando na recuperacao da vegetacao nativa esses esforcos incluem o plantio de arvores adaptadas ao bioma a conscientizacao ambiental e a implementacao de praticas agricolas mais sustentaveis alem disso campanhas de educacao ambiental tem incentivado empresas locais a adotarem medidas de conservacao contribuindo para a protecao da biodiversidade e para o equilibrio climatico especialistas destacam que a uniao entre sociedade e instituicoes pode garantir resultados ainda mais positivos na preservacao do ecossistema,Positiva,64.31,32.1,-3.59,2025-05-03 00:00:00
Desmatamento,cerrado enfrenta taxa crescente de desmatamento alertam especialistas relatorios recentes indicam que o desmatamento no cerrado tem acelerado em diversas regioes resultando na destruicao de areas fundamentais para a biodiversidade e o equilibrio climatico as pressoes economicas como a expansao da agricultura e a exploracao de recursos naturais tem contribuido significativamente para a perda da vegetacao nativa especialistas destacam que os impactos vao alem da fauna e flora atingindo comunidades locais e ameacando a estabilidade hidrica da regiao a falta de fiscalizacao e o avanco de praticas ilegais sao fatores que continuam a dificultar iniciativas de conservacao,Negativa,32.05,64.98,-2.97,2025-05-03 00:00:00
Desmatamento,desmatamento global ameaca ecossistemas e acelera mudancas climaticas estudos recentes mostram que o desmatamento em escala global continua a avancar com florestas tropicais sendo destruidas a taxas alarmantes regioes como a amazonia o sudeste asiatico e a bacia do congo estao entre as mais afetadas enfrentando perdas significativas de cobertura vegetal devido a expansao agricola mineracao e exploracao madeireira especialistas alertam que a destruicao dessas florestas nao apenas ameaca a biodiversidade local mas tambem contribui para o aumento das emissoes de gases de efeito estufa agravando as mudancas climaticas a perda de habitats naturais coloca em risco milhares de especies e compromete a subsistencia de comunidades que dependem diretamente desses ecossistemas,Negativa,65.89,32.36,-1.76,2025-05-03 00:00:00
Desmatamento,estudo revela dinamica do desmatamento e conservacao no cerrado um relatorio divulgado recentemente analisou a situacao atual do desmatamento no cerrado destacando tanto os fatores que impulsionam a conversao de areas nativas quanto as iniciativas para preservar o bioma os dados mostram que enquanto algumas regioes enfrentam desafios relacionados a expansao agricola outras vem implementando praticas de manejo sustentavel pesquisadores ressaltam a importancia do monitoramento continuo para entender as tendencias e propor solucoes que equilibrem as necessidades economicas e a preservacao ambiental a interacao entre comunidades locais governos e organizacoes tem sido apontada como crucial para a protecao do cerrado,Neutra,66.67,32.88,-0.45,2025-05-03 00:00:00
Desmatamento,acelerado ritmo de desmatamento ameaca florestas tropicais e biodiversidade estudos recentes revelam que o desmatamento em importantes biomas como a amazonia e o cerrado tem aumentado de forma alarmante a expansao da agropecuaria extracao madeireira ilegal e incendios florestais sao os principais motores dessa destruicao a perda de areas naturais nao apenas reduz drasticamente a biodiversidade mas tambem compromete os recursos hidricos e o equilibrio climatico global especialistas alertam que sem medidas urgentes de controle e fiscalizacao os impactos ambientais poderao ser irreversiveis colocando em risco a sobrevivencia de muitas especies e comunidades locais,Negativa,65.38,31.64,-2.97,2025-05-03 00:00:00
Desmatamento,o desmatamento em sao paulo diminuiu no ultimo ano,Positiva,32.86,64.58,-2.56,2025-05-03 00:00:00
Tecnologia Ambiental,apesar do desmatamento crescente novas tecnologias ajudam a detectar e prevenir queimadas com maior eficiencia,Positiva,-5.19,68.95,25.87,2025-05-03 00:00:00
Desmatamento,relatorio anual sobre desmatamento mostra numeros estaveis em comparacao ao ano anterior,Neutra,66.27,31.99,-1.74,2025-05-03 00:00:00
Desmatamento,relatorio anual sobre desmatamento mostra numeros estaveis em comparacao ao ano anterior,Neutra,25.89,-5.23,68.88,2025-05-03 00:00:00
Desmatamento,desmatamento na amazonia bate novo recorde aumentando preocupacoes com a preservacao do bioma,Negativa,68.89,25.89,-5.22,2025-05-03 00:00:00
Restauração Ecológica,programa de reflorestamento recupera areas degradadas e ja conseguiu plantar milhoes de arvores nativas,Positiva,26.03,68.54,-5.43,2025-05-03 00:00:00
Mudanças Climáticas,especialistas debatem a relacao entre queimadas e mudancas climaticas em conferencia internacional,Neutra,25.95,-5.32,68.73,2025-05-03 00:00:00
Tecnologia Ambiental,monitoramento por satelite permite uma rapida identificacao de focos de incendio reduzindo danos ambientais,Positiva,25.89,68.89,-5.22,2025-05-03 00:00:00
Políticas Públicas,governo anuncia novos mecanismos para monitoramento ambiental sem efeitos imediatos na preservacao,Neutra,-5.3,25.94,68.76,2025-05-03 00:00:00
Desmatamento,novo estudo aponta que a floresta amazonica pode estar se aproximando do ponto de nao retorno devido ao desmatamento,Negativa,32.64,-2.9,64.46,2025-05-03 00:00:00
Desmatamento,novo estudo aponta que a floresta amazonica pode estar se aproximando do ponto de nao retorno devido ao desmatamento,Negativa,32.64,-2.9,64.46,2025-05-03 00:00:00
Conservação,comunidades indigenas fortalecem projetos de preservacao ajudando na conservacao de florestas tropicais,Positiva,-5.22,68.89,25.89,2025-05-03 00:00:00
Políticas Públicas,pesquisa revela que politicas de combate ao desmatamento precisam de mais investimento para serem eficazes,Neutra,-5.37,25.99,68.65,2025-05-03 00:00:00
Poluição,a fumaca gerada por incendios florestais afeta a qualidade do ar e a saude de milhoes de pessoas,Negativa,68.72,25.95,-5.32,2025-05-03 00:00:00
Políticas Públicas,parcerias internacionais ampliam investimentos na protecao da amazonia garantindo mais recursos para fiscalizacao,Positiva,66.96,-0.97,32.07,2025-05-03 00:00:00
Políticas Públicas,parcerias internacionais ampliam investimentos na protecao da amazonia garantindo mais recursos para fiscalizacao,Positiva,25.98,68.65,-5.37,2025-05-03 00:00:00
Queimadas,queimadas em areas de pastagem continuam acontecendo mas sem grandes alteracoes nos indices,Neutra,-5.28,25.93,68.79,2025-05-03 00:00:00
Queimadas,numero de incendios criminosos cresce dificultando acoes de combate e fiscalizacao,Negativa,31.76,66.46,-1.78,2025-05-03 00:00:00
Queimadas,numero de incendios criminosos cresce dificultando acoes de combate e fiscalizacao,Negativa,68.95,-5.18,25.87,2025-05-03 00:00:00
Políticas Públicas,esforcos de conscientizacao reduzem o numero de queimadas ilegais em diversas regioes do brasil,Positiva,25.99,68.64,-5.37,2025-05-03 00:00:00
Conservação,organizacoes ambientais discutem desafios e avancos na protecao da floresta amazonica,Neutra,-5.19,25.87,68.94,2025-05-03 00:00:00
Biodiversidade,especies ameacadas de extincao sofrem grande impacto devido a destruicao do habitat natural,Negativa,68.87,25.9,-5.23,2025-05-03 00:00:00
Políticas Públicas,governo intensifica acoes contra o desmatamento e aumenta multas para crimes ambientais,Positiva,25.9,68.87,-5.23,2025-05-03 00:00:00
Tecnologia Ambiental,novas tecnologias surgem para combater incendios florestais mas ainda enfrentam limitacoes,Neutra,26.09,-5.5,68.42,2025-05-03 00:00:00
Queimadas,falta de fiscalizacao permite avanco de queimadas ilegais em areas protegidas,Negativa,68.61,26.0,-5.39,2025-05-03 00:00:00
Políticas Públicas,empresas do agronegocio adotam praticas sustentaveis para reduzir impactos ambientais,Positiva,-5.42,68.57,26.02,2025-05-03 00:00:00
Queimadas,relatorio aponta reducao das queimadas em algumas regioes mas aumento em outras,Neutra,25.94,-5.3,68.77,2025-05-03 00:00:00
Desmatamento,expansao da fronteira agricola contribui para a perda acelerada de cobertura vegetal nativa,Negativa,68.52,-5.44,26.04,2025-05-03 00:00:00
Queimadas,brigadas especializadas conseguem conter incendios florestais antes que eles se espalhem,Positiva,64.55,-3.2,32.25,2025-05-03 00:00:00
Queimadas,brigadas especializadas conseguem conter incendios florestais antes que eles se espalhem,Positiva,25.87,68.93,-5.19,2025-05-03 00:00:00
Políticas Públicas,esforcos para conter o desmatamento seguem em andamento mas resultados concretos sao aguardados,Neutra,-5.47,26.06,68.47,2025-05-03 00:00:00
Biodiversidade,comunidades locais enfrentam dificuldades economicas devido a degradacao ambiental causada por incendios,Negativa,66.07,-2.28,31.65,2025-05-03 00:00:00
Restauração Ecológica,projetos de restauracao ecologica mostram resultados promissores na recuperacao de areas afetadas,Positiva,-1.48,65.93,32.59,2025-05-03 00:00:00
Políticas Públicas,debate sobre alternativas sustentaveis para reduzir a necessidade de queimadas na agricultura ganha destaque,Neutra,-5.34,25.96,68.7,2025-05-03 00:00:00
Mudanças Climáticas,impacto do desmatamento na regulacao climatica preocupa cientistas que alertam para consequencias futuras,Negativa,66.41,32.3,-1.3,2025-05-03 00:00:00
Desmatamento,area sob alertas de desmatamento na amazonia em agosto de 2024 foi a menor em seis anos segundo dados do sistema de monitoramento deterb do instituto nacional de pesquisas espaciais inpe a queda foi de 106 em relacao a agosto de 2023 quando o pais ja havia retomado as politicas ambientais e de 697 em relacao ao mesmo mes de 2022 manter a floresta em pe e um dos compromissos do governo federal ao lado do trabalho de combate aos incendios criminosos e de responsabilizacao dos culpado,Positiva,25.97,68.68,-5.35,2025-05-03 00:00:00
Desmatamento,a area desmatada na amazonia foi de 11088 km² entre agosto de 2019 e julho de 2020 de acordo com numeros oficiais do governo federal divulgados nesta segundafeira 30 pelo instituto nacional de pesquisas espaciais inpe de acordo com o inpe tratase de um aumento de 95 em relacao ao periodo anterior agosto de 2018 a julho de 2019 que registrou 10129 km² de area desmatada,Negativa,68.08,26.67,-5.25,2025-05-03 00:00:00
Queimadas,as queimadas no cerrado estao aumentando no ano de 2025,Negativa,68.92,25.88,-5.2,2025-05-03 00:00:00
Políticas Públicas,o governo esta conseguindo controlar o desmatamento e as queimadas em noso pais,Positiva,-5.23,68.87,25.9,2025-05-03 00:00:00
Restauração Ecológica,nos ultimos anos iniciativas de reflorestamento e conservacao tem mostrado avancos significativos na recuperacao de areas desmatadas no cerrado diversas organizacoes e pesquisadores estao investindo em tecnicas inovadoras como o plantio de especies nativas e a regeneracao natural assistida para restaurar a biodiversidade do bioma alem disso governos e empresas tem promovido incentivos para praticas agricolas mais sustentaveis reduzindo a necessidade de desmatamento para expansao da produc,Positiva,30.74,67.55,-1.71,2025-05-03 00:00:00
Restauração Ecológica,novos dados indicam que as acoes de preservacao e reflorestamento estao contribuindo para a reducao do desmatamento no cerrado projetos voltados a recuperacao de areas degradadas e ao manejo sustentavel da vegetacao tem mostrado resultados promissores garantindo maior protecao ao biomaalem disso politicas ambientais mais rigorosas e o aumento da fiscalizacao ajudaram a coibir praticas ilegais fortalecendo o compromisso com a preservacao da biodiversidade,Positiva,-2.56,64.96,32.48,2025-05-03 00:00:00
Desmatamento,dados recentes mostram que o desmatamento no cerrado continua a avancar em ritmo acelerado colocando em risco a biodiversidade e os recursos hidricos da regiao especialistas alertam que a destruicao de areas nativas pode levar a consequencias irreversiveis como a perda de especies e o comprometimento do equilibrio climatico apesar de esforcos pontuais para conter o problema a falta de fiscalizacao e o avanco de atividades ilegais tem dificultado a preservacao do bioma,Negativa,67.86,28.79,-3.35,2025-05-03 00:00:00
Desmatamento,pesquisadores divulgaram um novo levantamento sobre a atual situacao do desmatamento no cerrado analisando dados de perda de vegetacao nativa e os possiveis impactos ambientais e economicos o estudo indica que embora existam iniciativas voltadas a preservacao a conversao de areas naturais para uso agricola continua sendo um dos principais fatores de alteracao do biomaos especialistas destacam que a tendencia de expansao da producao rural requer estrategias para equilibrar desenvolvimento e conservacao enquanto alguns setores buscam solucoes sustentaveis outros apontam desafios para a implementacao de medidas mais eficazes de protecao ao cerrado,Neutra,26.15,-5.57,68.28,2025-05-03 00:00:00
Poluição,a poluicao gerada pela inteligencia artifical,Negativa,66.01,31.05,-2.95,2025-05-03 00:00:00
Biodiversidade,pesca em grande quantidade de especies invasoras aumenta,Positiva,63.69,32.74,-3.57,2025-05-03 00:00:00
Desmatamento,um relatorio divulgado por pesquisadores ambientais analisou a taxa de desmatamento no cerrado nos ultimos anos os dados indicam que embora haja variacoes sazonais a perda de vegetacao mantem um ritmo semelhante ao de periodos anteriores,Neutra,33.12,-0.89,65.99,2025-05-03 00:00:00
Desmatamento,pesquisadores alertam que o ritmo do desmatamento no cerrado tem aumentado nos ultimos anos colocando em risco diversas especies nativas e os recursos hidricos da regiao a conversao de areas naturais para a agricultura e pecuaria continua sendo um dos principais fatores da destruicao do bioma alem dos impactos ambientais comunidades locais enfrentam dificuldades com a perda de vegetacao afetando o equilibrio climatico e a disponibilidade de agua especialistas reforcam a necessidade de politicas mais rigidas e medidas de fiscalizacao para conter a degradacao do cerrado e preservar seus ecossistemas unicos,Negativa,68.61,26.0,-5.39,2025-05-03 00:00:00
Restauração Ecológica,projetos de reflorestamento e manejo sustentavel tem avancado significativamente na recuperacao de areas desmatadas no cerrado organizacoes ambientais pesquisadores e produtores rurais estao implementando tecnicas inovadoras como o plantio de especies nativas e a regeneracao natural assistida para fortalecer a biodiversidade do bioma alem disso politicas de incentivo a conservacao e praticas agricolas mais sustentaveis tem ajudado a reduzir o impacto ambiental na regiao especialistas afirmam que com a continuidade desses esforcos sera possivel garantir um equilibrio entre o desenvolvimento economico e a preservacao do ecossistema,Positiva,28.45,67.78,-3.77,2025-05-03 00:00:00
Queimadas,um incendio de grandes proporcoes atingiu uma area de mata nativa no interior de nova esperanca destruindo cerca de 10 hectares de floresta em menos de 24 horas,Negativa,64.97,32.16,-2.87,2025-05-03 00:00:00
Restauração Ecológica,governo lanca programa de reflorestamento apos queimadas em area de preservacao,Positiva,29.98,67.12,-2.9,2025-05-03 00:00:00
Queimadas,incendio destroi 10 hectares de floresta nativa e ameaca fauna local,Negativa,64.82,31.62,-3.56,2025-05-03 00:00:00
Restauração Ecológica,comunidade rural planta 10 mil arvores em acao contra desmatamento,Positiva,30.27,66.73,-3.0,2025-05-03 00:00:00
Restauração Ecológica,a ong verde esperanca comecou um plano de reflorestamento em tres municipios com historico de queimadas envolvendo escolas e voluntarios locais,Positiva,31.81,65.11,-3.08,2025-05-03 00:00:00
Restauração Ecológica,iniciativa privada financia a restauracao de 20 hectares de mata destruida por incendios em parceria com entidades ambientais,Positiva,32.31,63.91,-3.78,2025-05-03 00:00:00
Queimadas,embora ainda preocupante a taxa de incendios florestais se manteve proxima dos niveis registrados nos ultimos tres anos segundo dados do instituto nacional do fogo,Neutra,31.66,66.22,-2.12,2025-05-03 00:00:00
Queimadas,embora ainda preocupante a taxa de incendios florestais se manteve proxima dos niveis registrados nos ultimos tres anos segundo dados do instituto nacional do fogo,Neutra,-5.49,26.08,68.43,2025-05-03 00:00:00
Restauração Ecológica,especialistas apontam que o ritmo da recuperacao segue estavel sem grandes avancos nem retrocessos,Neutra,66.9,32.75,-0.35,2025-05-03 00:00:00
Biodiversidade,pesca de animais a beira da extincao aumenta,Negativa,68.22,26.18,-5.6,2025-05-03 00:00:00
Políticas Públicas,governo impede a pesca em grande escala em epoca de acasalamento de especies em extincao,Positiva,66.09,29.56,-4.35,2025-05-03 00:00:00
Restauração Ecológica,brasil celebra recorde de recuperacao de areas desmatadas na amazonia o brasil atingiu um marco historico na preservacao ambiental ao recuperar em tempo recorde mais de 2 milhoes de hectares de areas degradadas na floresta amazonica o programa amazonia viva uma colaboracao entre o governo ongs e comunidades locais priorizou o reflorestamento com especies nativas e praticas agroflorestais sustentaveiseste e um exemplo do que podemos conquistar quando trabalhamos juntos pela nossa biodiversidade afirmou maria silva especialista em conservacao ambiental a iniciativa tambem gerou mais de 30 mil empregos locais e estimulou o ecoturismo colocando o brasil no centro das atencoes globais como lider em sustentabilidade com este progresso a expectativa e de que o pais continue a superar desafios ambientais inspirando acoes climaticas em todo o mundo,Positiva,31.92,65.89,-2.19,2025-05-03 00:00:00
Desmatamento,aumento no desmatamento preocupa especialistas no brasil dados recentes revelam que o desmatamento na amazonia atingiu um aumento preocupante nos ultimos meses com mais de 1500 km² de floresta derrubados em um unico trimestre esse crescimento ameaca nao apenas a biodiversidade local mas tambem contribui para o avanco das mudancas climaticas segundo especialistas estamos enfrentando um momento critico para a preservacao ambiental no brasil alertou joao pereira pesquisador em mudancas climaticas a perda dessa cobertura florestal afeta diretamente a qualidade de vida das comunidades locais e agrava o impacto global do aquecimento o relatorio destaca a necessidade urgente de acoes mais firmes para conter o desmatamento e reforcar politicas ambientais no pais,Negativa,63.71,32.45,-3.84,2025-05-03 00:00:00
Mudanças Climáticas,mudancas climaticas alteram dinamica das florestas tropicais brasileiraspesquisadores tem observado transformacoes na biodiversidade das florestas tropicais no brasil atribuidas a fatores climaticos e ecologicos naturais especies de plantas adaptaveis estao prosperando enquanto outras enfrentam desafios maiores para se desenvolver as florestas tropicais brasileiras continuam mostrando sua resiliencia diante das mudancas climaticas comentou ana oliveira ecologa entender esses padroes e essencial para planejar acoes de conservacao mais eficazes os especialistas destacam que embora os ecossistemas estejam evoluindo e fundamental monitorar a saude geral das florestas para proteger sua diversidade unica,Neutra,63.68,32.75,-3.57,2025-05-03 00:00:00
Poluição,poluicao em rios brasileiros atinge niveis alarmantes um estudo recente revelou que os niveis de poluicao em importantes rios brasileiros aumentaram drasticamente nos ultimos anos o despejo inadequado de residuos industriais e urbanos tem prejudicado ecossistemas aquaticos e colocado em risco a saude de comunidades ribeirinhas estamos lidando com uma crise ambiental que afeta diretamente a qualidade da agua e a biodiversidade dos rios explicou carla mendes especialista em recursos hidricos e essencial implementar politicas mais rigidas para proteger esses recursos vitais o relatorio destaca a importancia de acoes imediatas para reverter esse cenario e assegurar o futuro das reservas de agua doce no brasil,Negativa,32.1,64.1,-3.8,2025-05-03 00:00:00
Mudanças Climáticas,estudo revela novas tendencias climaticas no cerrado brasileiro pesquisadores divulgaram um estudo que aponta mudancas climaticas naturais afetando o ecossistema do cerrado uma das maiores savanas tropicais do mundo entre os impactos observados estao alteracoes no ciclo de chuvas e na distribuicao de especies vegetais e animais essas mudancas estao dentro do esperado em funcao de ciclos climaticos historicos afirmou lucas almeida climatologistao cerrado demonstra grande capacidade de adaptacao mas e importante continuar monitorando sua evolucao embora nao sejam alarmantes essas alteracoes ressaltam a importancia de estudos continuos para compreender e preservar esse ecossistema unico,Neutra,64.76,32.21,-3.03,2025-05-03 00:00:00
Tecnologia Ambiental,brasil lider em energia renovavel com expansao de parques solares e eolicos o brasil esta se destacando como um dos paises lideres mundiais em energia renovavel apos a inauguracao de dezenas de novos parques solares e eolicos nos ultimos dois anos esse avanco permitiu que o pais alcancasse um recorde de 85 de sua matriz energetica proveniente de fontes limpas e renovaveis a energia solar e eolica tem transformado o panorama energetico do brasil garantindo um futuro mais sustentavel e reduzindo significativamente as emissoes de gases do efeito estufa declarou julia campos engenheira ambiental alem disso o setor tem gerado milhares de empregos verdes fortalecendo as economias locais o sucesso do brasil nesta area reforca o compromisso nacional com os objetivos de desenvolvimento sustentavel e serve de inspiracao para outras nacoes,Positiva,64.86,32.29,-2.85,2025-05-03 00:00:00
Restauração Ecológica,projetos de reflorestamento transformam areas degradadas em reservas naturais iniciativas de reflorestamento tem feito uma grande diferenca no brasil transformando areas degradadas em reservas naturais vibrantes programas como o verde para o futuro ja plantaram mais de 500 milhoes de arvores nativas em regioes impactadas recuperando ecossistemas cruciais e emocionante ver a fauna e a flora retornando a essas areas estamos restaurando a biodiversidade e criando um legado ambiental duradouro afirmou renata lima coordenadora do projeto alem disso os esforcos tem envolvido comunidades locais gerando empregos e promovendo educacao ambiental com esses resultados o brasil demonstra lideranca global em restauracao ecologica e reafirma seu compromisso com um futuro sustentavel,Positiva,63.71,32.7,-3.59,2025-05-03 00:00:00
Queimadas,crise de queimadas ameaca biodiversidade no pantanal o pantanal conhecido como o maior bioma alagado do mundo enfrenta um aumento significativo nas queimadas colocando em risco centenas de especies nativas somente no ultimo mes mais de 20 mil hectares foram destruidos pelo fogo afetando gravemente a fauna e a flora da regiao a intensidade e a frequencia desses incendios sao alarmantes e resultam em grande parte de praticas humanas insustentaveis e de mudancas climaticas afirmou mariana souza especialista em biomas brasileiros alem da destruicao ambiental as queimadas estao gerando prejuizos economicos para comunidades locais que dependem do ecossistemaespecialistas alertam para a necessidade de acoes emergenciais como maior fiscalizacao e programas de conscientizacao para evitar danos ainda mais graves,Negativa,63.51,32.51,-3.98,2025-05-03 00:00:00
Mudanças Climáticas,comunidades do semiarido adotam tecnicas de convivencia com a seca pesquisadores e moradores da regiao semiarida brasileira estao implementando novas praticas para lidar com os desafios impostos pela seca entre as acoes destacadas estao sistemas de captacao e armazenamento de agua da chuva alem do cultivo de plantas adaptadas ao clima arido e importante entender que a seca faz parte do ciclo natural da regiao mas podemos minimizar seus impactos com solucoes inteligentes afirmou pedro santos especialista em recursos naturais essas medidas tem trazido beneficios as comunidades garantindo maior seguranca hidrica e estabilidade alimentar os esforcos continuam em andamento buscando aprimorar estrategias sustentaveis para preservar a qualidade de vida e os recursos naturais da regiao,Neutra,64.79,32.57,-2.63,2025-05-03 00:00:00
Conservação,brasil avanca na protecao de especies ameacadas com projetos inovadores o brasil tem alcancado importantes resultados na preservacao de especies ameacadas de extincao atraves de projetos de conservacao inovadores iniciativas como o guardiao da fauna focadas na protecao de animais emblematicos como a oncapintada e o tamanduabandeira ja estao mostrando impactos significativos estamos vendo populacoes desses animais comecarem a se recuperar gracas aos esforcos combinados de comunidades locais organizacoes ambientais e apoio governamental destacou bianca ferreira biologa especializada em conservacao alem disso programas de conscientizacao tem promovido uma convivencia harmoniosa entre humanos e a fauna esses avancos reafirmam o papel do brasil como guardiao de uma das maiores biodiversidades do planeta inspirando iniciativas semelhantes globalmente,Positiva,32.44,64.79,-2.77,2025-05-03 00:00:00
Conservação,pesquisadores monitoram impactos da expansao urbana no bioma mata atlantica especialistas tem analisado como o avanco das areas urbanas esta alterando dinamicas ecologicas na mata atlantica observacoes recentes indicam que certas especies tem demonstrado capacidade de adaptacao enquanto outras enfrentam desafios significativos para sobreviver em areas modificadas e importante estudar o equilibrio entre o desenvolvimento urbano e a preservacao ambiental destacou paulo antunes ambientalista a partir desses dados podemos planejar estrategias mais eficazes para proteger o bioma sem comprometer o crescimento das cidades os estudos continuam a oferecer insights valiosos para politicas que conciliem desenvolvimento e conservacao,Neutra,65.03,32.63,-2.35,2025-05-03 00:00:00
Tecnologia Ambiental,estudos avaliam impacto do uso de tecnologia na agricultura sustentavel pesquisadores estao investigando como a aplicacao de novas tecnologias esta influenciando praticas agricolas em diferentes regioes do brasil drones sensores de solo e sistemas de irrigacao automatizados estao sendo testados para aumentar a eficiencia e minimizar impactos ambientais estamos percebendo tanto avancos quanto desafios na integracao dessas inovacoes no campo disse mariana ribeiro engenheira agronoma o objetivo e encontrar um equilibrio entre produtividade e sustentabilidade os resultados preliminares indicam que as tecnologias podem trazer beneficios significativos mas seu impacto a longo prazo ainda esta sendo estudado,Neutra,64.68,31.63,-3.69,2025-05-03 00:00:00
Conservação,degradacao de manguezais alerta para riscos ao ecossistema costeiro estudos recentes apontam que os manguezais brasileiros estao enfrentando um nivel crescente de degradacao devido a ocupacao irregular e a poluicao por residuos industriais e domesticos essas areas que desempenham um papel crucial na protecao da biodiversidade e na mitigacao de impactos climaticos estao desaparecendo em ritmo preocupante os manguezais sao essenciais para a saude dos nossos ecossistemas costeiros e para a subsistencia de milhares de pessoas explicou eduardo lima especialista em conservacao marinha a perda dessas areas coloca em risco especies aquaticas alem de aumentar a vulnerabilidade das comunidades a erosao e as mudancas climaticas pesquisadores e ambientalistas defendem acoes urgentes para restaurar e proteger essas regioes fundamentais,Negativa,66.91,30.16,-2.93,2025-05-03 00:00:00
Poluição,descarte irregular de residuos agricolas afeta recursos hidricos no brasil um relatorio recente revelou que o descarte inadequado de residuos provenientes da agroindustria tem causado contaminacao significativa em diversas bacias hidrograficas brasileiras esse problema compromete a qualidade da agua impactando diretamente comunidades locais e ecossistemas sensiveis a situacao e alarmante especialmente em areas onde o monitoramento ambiental ainda e insuficiente afirmou roberto teixeira especialista em gestao de residuos sem acoes mais rigorosas enfrentaremos uma crise crescente de qualidade hidrica organizacoes ambientais tem pressionado por politicas mais eficazes para evitar danos irreversiveis aos recursos hidricos do pais,Negativa,63.51,32.61,-3.88,2025-05-03 00:00:00
Conservação,brasil inaugura maior reserva de biodiversidade do mundo o brasil deu um passo historico para a conservacao ambiental ao criar a maior reserva de biodiversidade do planeta localizada na regiao amazonica a reserva abrange mais de 3 milhoes de hectares protegendo milhares de especies de fauna e flora muitas delas endemicas e ameacadas de extincao estamos preservando nao apenas o meio ambiente mas tambem o futuro das proximas geracoes afirmou o ministro do meio ambiente a iniciativa inclui programas de monitoramento turismo sustentavel e educacao ambiental envolvendo comunidades locais em sua implementacao esse marco reafirma o compromisso do brasil em liderar acoes globais pela sustentabilidade,Positiva,32.39,64.02,-3.59,2025-05-03 00:00:00
Conservação,comunidades costeiras celebram sucesso de projetos de conservacao marinha projetos de conservacao marinha no litoral brasileiro estao apresentando resultados expressivos com o aumento das populacoes de especies como tartarugas marinhas e corais as iniciativas combinam fiscalizacao rigorosa restauracao de habitats e conscientizacao das comunidades locais esses esforcos mostram que a uniao entre ciencia e acoes comunitarias pode fazer a diferenca explicou juliana duarte oceanografa alem de fortalecer o ecossistema marinho os projetos tambem tem impulsionado o turismo ecologico gerando empregos sustentaveis com essas conquistas o brasil reforca seu papel na protecao de mares e oceanos para as futuras geracoes,Positiva,32.85,63.53,-3.62,2025-05-03 00:00:00
Mudanças Climáticas,pesquisadores monitoram efeitos de chuvas irregulares no bioma caatinga estudos recentes estao analisando os impactos das chuvas irregulares no bioma da caatinga localizado no semiarido brasileiro a pesquisa indica que algumas especies vegetais tem adaptado seus ciclos de vida enquanto outras enfrentam desafios para se reproduzir o comportamento das chuvas e um reflexo de mudancas naturais que ocorrem ao longo do tempo explicou fernanda martins especialista em ecossistemas secos os pesquisadores estao utilizando essas observacoes para planejar medidas que auxiliem na preservacao do bioma,Neutra,32.0,65.47,-2.53,2025-05-03 00:00:00
Tecnologia Ambiental,avancos tecnologicos oferecem novas perspectivas para agricultura sustentavel com a expansao de tecnologias agricolas o brasil tem observado mudancas significativas nas praticas de cultivo sensores inteligentes estao ajudando produtores a otimizar o uso de agua e fertilizantes reduzindo impactos ambientais estamos descobrindo formas de equilibrar produtividade e respeito ao meio ambiente comentou eduardo gomes pesquisador do setor agricola as aplicacoes praticas dessas inovacoes estao sendo estudadas em diferentes estados do pais,Neutra,63.85,32.51,-3.64,2025-05-03 00:00:00
Biodiversidade,mudancas no clima alteram distribuicao de especies aquaticas no brasil pesquisadores identificaram alteracoes na distribuicao de especies de peixes e crustaceos em rios e lagos brasileiros atribuidas a flutuacoes na temperatura da agua algumas especies estao se deslocando para regioes mais frias enquanto outras permanecem adaptadas as condicoes atuais esse fenomeno reforca a importancia de monitorar nossas reservas de agua doce e garantir que os ecossistemas estejam equilibrados afirmou joao barreto ecologista os estudos estao ajudando a criar estrategias de preservacao para longo prazo,Neutra,32.55,64.01,-3.44,2025-05-03 00:00:00
Poluição,aumento de residuos plasticos prejudica areas naturais no brasil um estudo recente revelou que o acumulo de residuos plasticos em areas naturais do brasil esta causando serios danos ao meio ambiente rios praias e florestas estao enfrentando niveis alarmantes de poluicao afetando especies locais e prejudicando os ecossistemas se nao houver controle esses residuos podem causar impactos irreversiveis alertou camila rocha especialista em sustentabilidade a situacao exige acoes urgentes para reduzir o consumo de plastico e melhorar a gestao de residuos,Negativa,63.81,32.52,-3.67,2025-05-03 00:00:00
Desmatamento,desmatamento avanca em areas protegidas no cerrado relatorios indicam que areas protegidas no bioma do cerrado tem enfrentado aumento significativo de desmatamento ilegal essa pratica esta ameacando especies nativas e destruindo habitats essenciais para a biodiversidade local a degradacao em areas protegidas e especialmente preocupante pois essas regioes deveriam estar seguras contra atividades ilegais afirmou pedro almeida ambientalista especialistas pedem maior fiscalizacao e politicas mais rigorosas para combater o problema,Negativa,32.53,65.11,-2.36,2025-05-03 00:00:00
Biodiversidade,pescadores relatam queda de estoques de peixes em aguas brasileiras comunidades de pescadores em todo o brasil tem relatado uma reducao preocupante nos estoques de peixes em rios e oceanos a pesca excessiva e a poluicao sao apontadas como as principais causas desse declinio que afeta tanto o meio ambiente quanto a subsistencia dessas comunidades os impactos da sobrepesca estao sendo sentidos em todo o ecossistema aquatico explicou julio santos biologo marinho projetos de conservacao e gestao sustentavel estao sendo debatidos para enfrentar essa crise,Negativa,63.99,32.4,-3.61,2025-05-03 00:00:00
Restauração Ecológica,brasil registra aumento na recuperacao de areas degradadas programas de reflorestamento no brasil tem atingido resultados impressionantes com mais de 3 milhoes de hectares restaurados nos ultimos cinco anos a iniciativa inclui o plantio de especies nativas e projetos de agroflorestas que beneficiam comunidades locais e promovem sustentabilidade esses esforcos mostram o potencial do brasil em liderar acoes globais de restauracao ambiental destacou fernanda costa engenheira ambiental o sucesso do programa atraiu atencao internacional e garantiu investimentos para expandir os projetos,Positiva,32.78,64.97,-2.25,2025-05-03 00:00:00
Conservação,comunidades indigenas lideram protecao da biodiversidade amazonica comunidades indigenas tem desempenhado um papel essencial na preservacao da biodiversidade da amazonia implementando estrategias de manejo sustentavel que conservam habitats e fortalecem a cultura local essa abordagem tem servido como modelo para iniciativas em outras partes do mundo e inspirador ver como o conhecimento tradicional pode se integrar a solucoes modernas para proteger nosso planeta afirmou daniel oliveira ecologista a parceria entre comunidades e especialistas tem gerado resultados concretos e transformadores,Positiva,32.11,64.39,-3.49,2025-05-03 00:00:00
Políticas Públicas,brasil lanca campanha nacional para reducao de emissoes de carbono em uma iniciativa ambiciosa o brasil lancou a campanha carbono zero 2040 que busca reduzir drasticamente as emissoes de gases de efeito estufa a estrategia inclui investimentos em transporte publico verde energia renovavel e projetos de captura de carbono em areas naturais a campanha representa um compromisso firme com o futuro garantindo qualidade de vida para as proximas geracoes disse ana paula ribeiro ministra do meio ambiente a populacao tem respondido positivamente aderindo a praticas sustentaveis em diferentes regioes,Positiva,32.8,64.01,-3.2,2025-05-03 00:00:00
Restauração Ecológica,pesquisadores avaliam restauracao de ecossistemas no bioma mata atlantica estudos recentes tem investigado o impacto de estrategias de restauracao no bioma mata atlantica algumas areas degradadas tem mostrado sinais de recuperacao enquanto outras ainda enfrentam desafios devido a presenca de especies invasoras e importante monitorar como os ecossistemas respondem aos esforcos de conservacao para garantir resultados eficazes afirmou lucas pereira ecologista os pesquisadores estao utilizando os dados para melhorar futuras iniciativas de restauracao,Neutra,64.3,32.45,-3.25,2025-05-03 00:00:00
Mudanças Climáticas,cerrado passa por estudos detalhados sobre variabilidade climatica pesquisadores estao analisando como variacoes climaticas naturais estao influenciando a biodiversidade no cerrado especies nativas estao sendo observadas quanto a adaptacao aos periodos de seca e chuvas intensas os padroes climaticos naturais sao complexos mas entender suas nuances nos ajuda a proteger esse ecossistema unico comentou beatriz lopes climatologista os resultados dos estudos devem ajudar a criar politicas de manejo mais eficazes,Neutra,64.88,31.91,-3.21,2025-05-03 00:00:00
Tecnologia Ambiental,comunidades rurais implementam novas tecnicas de agricultura sustentavel em varias regioes do brasil comunidades rurais tem adotado tecnicas agricolas inovadoras para aumentar a produtividade sem comprometer o meio ambiente metodos como rotacao de culturas e uso de fertilizantes naturais estao sendo testados com sucesso essas praticas sao promissoras para harmonizar sustentabilidade e producao agricola explicou andre souza especialista em agroecologia o impacto a longo prazo dessas abordagens ainda esta sendo avaliado,Neutra,65.27,32.96,-1.77,2025-05-03 00:00:00
Poluição,niveis criticos de poluicao do ar atingem grandes centros urbanos no brasil um levantamento recente mostrou que a poluicao do ar em varias metropoles brasileiras alcancou niveis criticos ameacando a saude da populacao e causando danos aos ecossistemas urbanos fabricas veiculos e queima de residuos sao apontados como os principais responsaveis estamos observando um aumento significativo de doencas respiratorias ligadas a ma qualidade do ar alertou larissa mendes pneumologista a situacao demanda acoes urgentes para reduzir as emissoes e melhorar a fiscalizacao ambiental,Negativa,63.65,32.59,-3.76,2025-05-03 00:00:00
Conservação,exploracao ilegal ameaca reservas ambientais na amazonia relatorios indicam que a exploracao ilegal de minerios e madeira esta avancando em areas protegidas da amazonia causando destruicao generalizada em territorios de preservacao comunidades indigenas tambem relatam invasoes crescentes em suas terras essas atividades ilegais estao colocando em risco a integridade de ecossistemas criticos disse rafael souza pesquisador ambiental grupos de conservacao exigem maior vigilancia e punicao para combater esse problema,Negativa,64.44,32.62,-2.94,2025-05-03 00:00:00
Poluição,degradacao do solo avanca em regioes agricolas do brasil estudos revelam que o uso intensivo da terra e a falta de praticas agricolas sustentaveis estao causando uma rapida degradacao do solo em importantes regioes agricolas brasileiras o fenomeno reduz a produtividade prejudica o meio ambiente e ameaca a seguranca alimentar se essa tendencia continuar enfrentaremos serias dificuldades na producao de alimentos explicou marina ferreira engenheira agronoma especialistas pedem a implementacao de politicas para promover a conservacao do solo,Negativa,32.53,64.92,-2.55,2025-05-03 00:00:00
Conservação,brasil amplia a protecao de unidades de conservacao o brasil anunciou a criacao de cinco novas unidades de conservacao totalizando mais de 15 milhao de hectares protegidos essas areas foram designadas para proteger ecossistemas sensiveis e fortalecer a biodiversidade,Positiva,32.78,64.69,-2.53,2025-05-03 00:00:00
Tecnologia Ambiental,cidades brasileiras adotam transportes publicos sustentaveis capitais como sao paulo e curitiba tem liderado a adocao de transportes publicos sustentaveis com onibus eletricos e infraestrutura para bicicletas essas iniciativas estao reduzindo a emissao de poluentes e promovendo qualidade de vida para os moradores transporte limpo e essencial para um futuro sustentavel afirmou carlos vieira urbanista a populacao tem respondido positivamente aproveitando alternativas eficientes e ecologicas,Positiva,63.8,32.85,-3.35,2025-05-03 00:00:00
Tecnologia Ambiental,projetos de energia solar atingem comunidades rurais no brasil comunidades rurais brasileiras estao se beneficiando de projetos de energia solar que oferecem eletricidade a vilarejos isolados essas iniciativas estao melhorando a qualidade de vida reduzindo custos e promovendo energia limpa agora podemos estudar a noite e utilizar equipamentos que antes eram impossiveis celebrou maria santos moradora de uma dessas comunidades o sucesso do programa esta incentivando a expansao para outras regioes,Positiva,32.49,65.03,-2.48,2025-05-03 00:00:00
Restauração Ecológica,estudo avalia impacto de ventos fortes na regeneracao da floresta amazonica pesquisadores tem observado como ventos fortes em determinadas areas da amazonia afetam a dispersao de sementes e contribuem para a regeneracao florestal em algumas regioes especies de arvores especificas estao prosperando enquanto outras apresentam crescimento mais lento essas dinamicas naturais mostram como a floresta encontra formas de se regenerar mesmo diante de desafios explicou marcos silva ecologo os resultados ajudam a planejar iniciativas de conservacao mais eficazes,Neutra,32.03,64.03,-3.94,2025-05-03 00:00:00
Biodiversidade,mudancas nos padroes de migracao de aves no brasil intrigam cientistas ornitologos estao investigando alteracoes nos padroes de migracao de aves em diversas partes do brasil enquanto algumas especies tem ampliado suas rotas outras estao preferindo areas mais proximas de seus habitats originais e essencial entender essas mudancas ja que elas podem indicar transformacoes maiores nos ecossistemas comentou helena ribeiro biologa as pesquisas continuam para aprofundar o conhecimento sobre esses fenomenos,Neutra,32.17,64.52,-3.32,2025-05-03 00:00:00
Tecnologia Ambiental,agricultores e pesquisadores colaboram em iniciativas de manejo de solo em regioes agricolas do brasil parcerias entre agricultores e cientistas tem gerado dados valiosos sobre praticas sustentaveis de manejo do solo metodos como plantio direto e cultivo em consorcio estao sendo avaliados em diferentes contextos climaticos queremos combinar praticas tradicionais com ciencia para garantir uma producao que respeite o meio ambiente destacou joao almeida agronomo os resultados iniciais mostram promessas de maior produtividade com menor impacto ambiental,Neutra,65.44,31.9,-2.67,2025-05-03 00:00:00
Poluição,aumento de residuos eletronicos desafiam sistemas de reciclagem no brasil o brasil enfrenta um crescimento alarmante na producao de residuos eletronicos com descarte inadequado que impacta gravemente o meio ambiente equipamentos como celulares e computadores tem contribuido para a poluicao de solos e cursos dagua a falta de politicas efetivas para lidar com residuos eletronicos esta criando um problema serio para o futuro ambiental do pais afirmou patricia moraes especialista em gestao de residuos organizacoes pressionam por solucoes mais eficazes para enfrentar essa crise,Negativa,32.28,64.99,-2.72,2025-05-03 00:00:00
Queimadas,queimadas em areas rurais preocupam comunidades locais regioes rurais do brasil tem registrado um aumento significativo em queimadas resultando na destruicao de habitats naturais e na emissao de grandes quantidades de gases poluentes agricultores relatam prejuizos e dificuldades para lidar com os impactos essas queimadas afetam nao apenas o meio ambiente mas tambem a sustentabilidade das comunidades locais alertou carlos oliveira ambientalista fiscalizacao e educacao sao apontadas como essenciais para reduzir essas praticas,Negativa,33.06,66.52,-0.42,2025-05-03 00:00:00
Poluição,pesquisas indicam queda no nivel dos aquiferos brasileiros estudos recentes mostram que importantes aquiferos do brasil como o aquifero guarani estao apresentando reducao nos niveis de agua devido ao uso excessivo e a falta de manejo sustentavel esse cenario ameaca a disponibilidade de recursos hidricos para comunidades e ecossistemas estamos vendo uma reducao preocupante que pode ter consequencias graves no longo prazo explicou julia mendes hidrologa especialistas destacam a urgencia de estrategias para protecao e uso consciente dessas reservas,Negativa,63.73,32.87,-3.4,2025-05-03 00:00:00
Tecnologia Ambiental,brasil bate recorde no uso de energias renovaveis em sua matriz energetica o brasil alcancou um marco historico ao atingir 90 de sua matriz energetica proveniente de fontes renovaveis com investimentos macicos em energia solar eolica e hidreletrica o pais se posiciona como lider global em solucoes sustentaveis para a geracao de energia esse avanco reflete um compromisso nacional com a protecao ambiental e a reducao de emissoes de carbono destacou sofia almeida especialista em energia limpa a iniciativa tambem gerou milhares de empregos verdes e impulsionou economias locais,Positiva,64.01,32.79,-3.21,2025-05-03 00:00:00
Restauração Ecológica,reflorestamento na amazonia recupera mais de 1 milhao de hectares projetos de reflorestamento na floresta amazonica conduzidos em parceria entre governo e organizacoes locais restauraram mais de 1 milhao de hectares de areas degradadas o esforco inclui o plantio de arvores nativas e iniciativas de agrofloresta que beneficiam comunidades da regiao estamos reconstruindo o equilibrio ecologico da amazonia e garantindo um futuro para as proximas geracoes afirmou marcos tavares coordenador do projeto a acao tambem promove a conscientizacao ambiental nas escolas locais,Positiva,65.08,32.84,-2.07,2025-05-03 00:00:00
Conservação,parques nacionais do brasil registram aumento no turismo sustentavel parques nacionais brasileiros como o parque nacional da chapada dos veadeiros e o parque nacional do iguacu tem registrado um aumento significativo no turismo sustentavel as visitas impulsionam economias locais e promovem a educacao ambiental entre turistas o ecoturismo e uma ferramenta poderosa para conectar as pessoas a natureza e incentivar sua preservacao disse carolina lima guia ambiental o sucesso dessas iniciativas reforca a importancia de proteger as areas naturais do pais,Positiva,32.6,63.57,-3.83,2025-05-03 00:00:00
Biodiversidade,pesquisadores avaliam resiliencia de plantas do cerrado frente as mudancas climaticas um estudo recente esta analisando como plantas do bioma cerrado estao se adaptando as mudancas climaticas naturais pesquisadores identificaram que algumas especies conseguem manter ciclos de crescimento estaveis enquanto outras estao ajustando suas estrategias de sobrevivencia entender essa resiliencia natural nos ajuda a planejar estrategias de conservacao eficazes afirmou amanda ribeiro ecologa os resultados sao promissores para o manejo sustentavel do bioma,Neutra,31.48,65.36,-3.17,2025-05-03 00:00:00
Poluição,impactos de aguas pluviais no meio ambiente urbano sao monitorados especialistas tem investigado como as aguas pluviais estao afetando o meio ambiente urbano no brasil o estudo avalia tanto beneficios como aumento da vegetacao urbana quanto desafios como alagamentos e erosao de solos monitorar esses impactos e essencial para garantir um planejamento urbano que integre sustentabilidade e desenvolvimento explicou jose nogueira engenheiro ambiental as analises continuarao ao longo das proximas estacoes chuvosas,Neutra,65.44,32.01,-2.55,2025-05-03 00:00:00
Biodiversidade,estudo explora transformacoes naturais em rios da amazonia pesquisadores estao acompanhando alteracoes naturais nos leitos dos rios amazonicos provocadas por movimentos de sedimentos e mudancas no fluxo de agua esses fenomenos influenciam a distribuicao de especies aquaticas e a saude geral dos ecossistemas observar esses processos nos ajuda a compreender melhor a dinamica natural da amazonia comentou beatriz cardoso especialista em recursos hidricos o trabalho oferece informacoes valiosas para projetos de preservacao fluvial,Neutra,31.85,64.85,-3.29,2025-05-03 00:00:00
Outros,as noticias sobre desmatamento nao sao nem boas e nem ruins,Neutra,-1.19,31.24,67.57,2025-05-03 00:00:00
Outros,noticias sobre desmatamento nao variam entre positivo e negativo,Neutra,31.59,-2.09,66.32,2025-05-03 00:00:00
Outros,noticias sobre desmatamento sao neutras,Neutra,-3.17,30.55,66.28,2025-05-03 00:00:00
Mudanças Climáticas,temperaturas permanecem estaveis em diversas regioes do pais,Neutra,65.3,30.5,0.2,2025-05-03 00:00:00
Outros,volume de vendas do comercio varejista mantemse igual ao do mes anterior,Neutra,67.8,29.1,0.0,2025-05-03 00:00:00
Outros,populacao urbana cresce em ritmo semelhante ao do ano passado,Neutra,66.5,31.0,-0.1,2025-05-03 00:00:00
Poluição,nivel dos reservatorios de agua permanece constante,Neutra,68.2,29.0,0.1,2025-05-03 00:00:00
Outros,exportacoes brasileiras ficam no mesmo patamar do trimestre anterior,Neutra,65.0,32.5,0.0,2025-05-03 00:00:00
Outros,mercado de trabalho apresenta estabilidade no numero de vagas,Neutra,67.1,30.8,-0.2,2025-05-03 00:00:00
Outros,producao industrial registra variacao minima em abril,Neutra,66.7,31.3,0.0,2025-05-03 00:00:00
Outros,setor de turismo mantem numeros semelhantes aos de 2024,Neutra,66.1,32.0,0.1,2025-05-03 00:00:00
Mudanças Climáticas,volume de chuvas em maio ficou proximo da media historica,Neutra,68.5,29.2,-0.1,2025-05-03 00:00:00
Outros,pesquisa aponta que habitos alimentares permanecem inalterados,Neutra,65.8,31.7,0.0,2025-05-03 00:00:00
Outros,investimentos em infraestrutura seguem em ritmo moderado,Neutra,66.2,30.9,0.0,2025-05-03 00:00:00
Outros,taxa de natalidade apresenta pequena variacao em relacao ao ano anterior,Neutra,67.4,29.8,0.1,2025-05-03 00:00:00
Poluição,consumo de energia eletrica se mantem estavel no primeiro semestre,Neutra,68.0,30.0,0.0,2025-05-03 00:00:00
Outros,trafego de veiculos nas rodovias federais nao apresenta mudancas significativas,Neutra,66.9,31.2,0.0,2025-05-03 00:00:00
Outros,preco medio da cesta basica permanece quase inalterado,Neutra,67.2,30.7,0.2,2025-05-03 00:00:00
Outros,nivel de alfabetizacao entre jovens segue o mesmo do ultimo ano,Neutra,66.5,32.0,-0.1,2025-05-03 00:00:00
Outros,frequencia escolar entre criancas se mantem estavel,Neutra,67.6,29.9,0.0,2025-05-03 00:00:00
Outros,demanda por imoveis residenciais continua semelhante ao trimestre passado,Neutra,68.1,28.7,0.1,2025-05-03 00:00:00
Outros,producao agricola registra leve estabilidade no volume colhido,Neutra,65.9,32.2,0.0,2025-05-03 00:00:00
Outros,empresas mantem quadro de funcionarios sem grandes alteracoes,Neutra,66.3,31.5,0.0,2025-05-03 00:00:00
Queimadas,novidades sobre queimadas estaveis,Neutra,-4.18,27.68,68.14,2025-05-03 00:00:00
Restauração Ecológica,programa de reflorestamento supera meta anual,Positiva,72.5,24.8,3.5,2025-05-03 00:00:00
Outros,nivel de emprego atinge o maior patamar da decada,Positiva,74.1,22.9,4.0,2025-05-03 00:00:00
Outros,numero de estudantes universitarios cresce pelo terceiro ano seguido,Positiva,73.2,23.5,3.8,2025-05-03 00:00:00
Outros,indice de vacinacao infantil atinge 95 da populacao alvo,Positiva,75.0,22.0,4.2,2025-05-03 00:00:00
Tecnologia Ambiental,novas tecnologias aumentam a producao agricola em 10,Positiva,71.8,25.0,3.2,2025-05-03 00:00:00
Poluição,queda nos indices de poluicao em grandes centros urbanos,Positiva,73.5,24.1,3.6,2025-05-03 00:00:00
Tecnologia Ambiental,producao de energia renovavel bate recorde historico,Positiva,76.2,20.8,5.0,2025-05-03 00:00:00
Outros,programa de alfabetizacao reduz analfabetismo em areas rurais,Positiva,74.6,22.4,4.5,2025-05-03 00:00:00
Outros,investimentos em saude publica crescem 15 em um ano,Positiva,72.9,24.0,3.7,2025-05-03 00:00:00
Políticas Públicas,novas politicas de protecao ambiental sao implementadas com sucesso,Positiva,75.3,21.7,4.8,2025-05-03 00:00:00
Poluição,melhora na qualidade da agua potavel em comunidades isoladas,Positiva,73.7,23.6,4.0,2025-05-03 00:00:00
Tecnologia Ambiental,projetos de energia solar chegam a regioes remotas,Positiva,71.5,26.0,3.0,2025-05-03 00:00:00
Outros,indice de seguranca publica sobe para o melhor nivel em 5 anos,Positiva,74.4,22.7,4.3,2025-05-03 00:00:00
Outros,reformas em escolas publicas elevam desempenho dos alunos,Positiva,73.0,24.2,3.5,2025-05-03 00:00:00
Outros,queda no numero de casos de doencas respiratorias,Positiva,72.8,24.6,3.4,2025-05-03 00:00:00
Tecnologia Ambiental,pais registra recorde na geracao de empregos verdes,Positiva,75.8,21.2,5.2,2025-05-03 00:00:00
Outros,taxa de evasao escolar diminui consideravelmente,Positiva,73.9,23.0,4.1,2025-05-03 00:00:00
Políticas Públicas,projeto de reciclagem comunitaria reduz lixo em 20,Positiva,72.0,25.0,3.0,2025-05-03 00:00:00
Outros,acordo internacional impulsiona exportacao de produtos organicos,Positiva,74.2,22.9,4.0,2025-05-03 00:00:00
Outros,avanco da medicina permite diagnostico precoce de doencas raras,Positiva,76.0,21.0,5.0,2025-05-03 00:00:00
Desmatamento,desmatamento na amazonia cresce pelo segundo mes consecutivo,Negativa,62.5,34.2,-5.5,2025-05-04 00:00:00
Outros,taxa de desemprego sobe e atinge 12 da populacao,Negativa,63.8,32.0,-4.8,2025-05-04 00:00:00
Outros,indice de violencia urbana aumenta nas capitais,Negativa,61.9,35.0,-6.0,2025-05-04 00:00:00
Outros,producao industrial recua pelo quarto mes seguido,Negativa,62.7,33.5,-5.2,2025-05-04 00:00:00
Outros,queda no volume de exportacoes preocupa setor agricola,Negativa,64.1,31.7,-4.7,2025-05-04 00:00:00
Poluição,poluicao do ar atinge niveis criticos em grandes cidades,Negativa,63.5,32.8,-5.0,2025-05-04 00:00:00
Poluição,falta de chuvas gera alerta em reservatorios de agua,Negativa,62.3,34.5,-5.4,2025-05-04 00:00:00
Outros,aumento no numero de casos de doencas infecciosas,Negativa,63.0,33.0,-5.0,2025-05-04 00:00:00
Outros,greve de caminhoneiros paralisa principais rodovias do pais,Negativa,61.7,35.3,-6.2,2025-05-04 00:00:00
Outros,preco dos alimentos basicos sobe acima da inflacao,Negativa,62.9,33.7,-5.3,2025-05-04 00:00:00
Outros,acidentes de transito crescem 8 em areas urbanas,Negativa,63.2,33.5,-5.1,2025-05-04 00:00:00
Outros,projetos sociais sofrem cortes de orcamento,Negativa,62.6,34.0,-5.5,2025-05-04 00:00:00
Outros,construcao civil registra queda no numero de novos empreendimentos,Negativa,63.4,32.5,-4.9,2025-05-04 00:00:00
Outros,retirada de programas de incentivo afeta pequenas empresas,Negativa,64.0,31.8,-4.7,2025-05-04 00:00:00
Outros,indice de analfabetismo volta a subir em regioes afastadas,Negativa,61.8,35.2,-6.1,2025-05-04 00:00:00
Outros,despejos aumentam em areas urbanas vulneraveis,Negativa,62.1,34.7,-5.8,2025-05-04 00:00:00
Queimadas,incendios florestais ameacam biodiversidade local,Negativa,63.6,32.9,-5.0,2025-05-04 00:00:00
Mudanças Climáticas,perda de areas agricolas devido a seca severa,Negativa,62.4,34.3,-5.6,2025-05-04 00:00:00
Outros,queda no investimento estrangeiro preocupa economistas,Negativa,63.9,32.1,-4.8,2025-05-04 00:00:00
Outros,greve dos professores compromete o calendario escolar,Negativa,61.5,35.5,-6.3,2025-05-04 00:00:00
Outros,clima permanece estavel em grande parte do pais,Neutra,67.1,32.4,0.5,2025-05-04 00:00:00
Outros,preco da gasolina mantem estabilidade durante o mes,Neutra,66.8,32.7,0.3,2025-05-04 00:00:00
Outros,setor bancario mantem projecoes para o segundo semestre,Neutra,67.5,31.8,0.4,2025-05-04 00:00:00
Outros,producao industrial se mantem em linha com o mes anterior,Neutra,66.4,33.0,0.2,2025-05-04 00:00:00
Outros,trafego urbano permanece dentro da media historica,Neutra,66.6,32.9,0.1,2025-05-04 00:00:00
Mudanças Climáticas,temperatura media anual segue sem grandes variacoes,Neutra,67.3,32.0,0.5,2025-05-04 00:00:00
Poluição,consumo de energia eletrica apresenta leve estabilidade,Neutra,66.7,32.6,0.3,2025-05-04 00:00:00
Outros,inflacao permanece dentro da meta estabelecida,Neutra,67.0,32.5,0.2,2025-05-04 00:00:00
Outros,comercio varejista mantem vendas estaveis no trimestre,Neutra,66.9,32.7,0.1,2025-05-04 00:00:00
Outros,indice de confianca empresarial mantemse estavel,Neutra,67.2,32.3,0.4,2025-05-04 00:00:00
Outros,taxa de natalidade permanece semelhante a dos anos anteriores,Neutra,66.5,33.1,0.3,2025-05-04 00:00:00
Outros,balanca comercial registra leve superavit,Neutra,67.4,32.1,0.5,2025-05-04 00:00:00
Poluição,consumo de combustiveis segue no mesmo patamar,Neutra,66.3,33.2,0.2,2025-05-04 00:00:00
Outros,setor hoteleiro registra movimentacao regular,Neutra,67.1,32.4,0.3,2025-05-04 00:00:00
Outros,ocupacao de hospitais se mantem estavel,Neutra,66.6,32.9,0.4,2025-05-04 00:00:00
Poluição,nivel de agua em rios principais segue dentro da media,Neutra,67.3,32.0,0.5,2025-05-04 00:00:00
Outros,frequencia escolar permanece estavel nas redes publicas,Neutra,66.8,32.7,0.3,2025-05-04 00:00:00
Outros,consumo de alimentos basicos mantem padrao,Neutra,67.0,32.5,0.2,2025-05-04 00:00:00
Outros,utilizacao da capacidade industrial permanece inalterada,Neutra,66.7,32.6,0.2,2025-05-04 00:00:00
Outros,setor automotivo registra mes dentro da expectativa,Neutra,67.5,31.8,0.4,2025-05-04 00:00:00
Outros,programa de inclusao digital beneficia milhares de familias,Positiva,75.5,21.0,4.8,2025-05-04 00:00:00
Outros,indice de vacinacao contra gripe atinge 90 da populacao,Positiva,76.1,20.5,5.2,2025-05-04 00:00:00
Outros,novos investimentos estrangeiros aquecem economia local,Positiva,74.8,22.1,4.5,2025-05-04 00:00:00
Tecnologia Ambiental,projetos de energia limpa ganham forca no pais,Positiva,75.2,21.5,4.7,2025-05-04 00:00:00
Outros,proposta de reducao de impostos e aprovada no congresso,Positiva,73.9,23.0,4.2,2025-05-04 00:00:00
Outros,tratamento experimental mostra eficacia contra cancer raro,Positiva,76.4,20.2,5.5,2025-05-04 00:00:00
Outros,taxa de alfabetizacao alcanca niveis historicos,Positiva,74.6,22.3,4.6,2025-05-04 00:00:00
Outros,comercio online cresce 12 no trimestre,Positiva,73.7,23.2,4.0,2025-05-04 00:00:00
Outros,numero de doacoes de sangue aumenta 15 no mes,Positiva,75.0,21.8,4.9,2025-05-04 00:00:00
Políticas Públicas,campanhas de conscientizacao ambiental ganham adesao em massa,Positiva,74.2,22.5,4.4,2025-05-04 00:00:00
Outros,parcerias internacionais fomentam pesquisa cientifica,Positiva,75.1,21.7,4.8,2025-05-04 00:00:00
Outros,indice de qualidade da educacao basica melhora significativamente,Positiva,76.0,20.8,5.0,2025-05-04 00:00:00
Restauração Ecológica,recuperacao de areas degradadas avanca em ritmo acelerado,Positiva,74.5,22.4,4.5,2025-05-04 00:00:00
Outros,recorde de publico em eventos culturais nacionais,Positiva,73.5,23.5,4.0,2025-05-04 00:00:00
Outros,empresas locais registram aumento de faturamento,Positiva,74.9,22.0,4.7,2025-05-04 00:00:00
Políticas Públicas,acoes de sustentabilidade sao ampliadas em zonas urbanas,Positiva,75.3,21.6,4.9,2025-05-04 00:00:00
Outros,politicas publicas reduzem desigualdade social,Positiva,76.2,20.4,5.3,2025-05-04 00:00:00
Outros,novas linhas de credito facilitam abertura de pequenas empresas,Positiva,74.7,22.2,4.6,2025-05-04 00:00:00
Tecnologia Ambiental,acesso a internet em areas rurais cresce 18,Positiva,75.4,21.1,5.0,2025-05-04 00:00:00
Outros,programa nacional de merenda escolar e ampliado,Positiva,73.8,23.1,4.1,2025-05-04 00:00:00
Queimadas,queimada ilegal devasta reserva florestal,Negativa,61.2,36.5,-6.5,2025-05-04 00:00:00
Outros,taxa de evasao escolar volta a crescer em zonas rurais,Negativa,62.0,35.0,-5.8,2025-05-04 00:00:00
Poluição,contaminacao por metais pesados e detectada em rios,Negativa,62.8,34.2,-5.4,2025-05-04 00:00:00
Outros,surtos de dengue aumentam em varias regioes,Negativa,63.5,33.0,-5.0,2025-05-04 00:00:00
Outros,desemprego entre jovens atinge recorde historico,Negativa,61.5,36.0,-6.0,2025-05-04 00:00:00
Outros,aumento no preco do gas de cozinha impacta familias,Negativa,62.3,34.8,-5.6,2025-05-04 00:00:00
Outros,colapso no sistema de transporte publico em metropoles,Negativa,63.2,33.5,-5.1,2025-05-04 00:00:00
Outros,queda nos investimentos em educacao preocupa especialistas,Negativa,62.7,34.1,-5.2,2025-05-04 00:00:00
Outros,alagamentos causam transtornos em bairros perifericos,Negativa,61.8,35.5,-6.2,2025-05-04 00:00:00
Desmatamento,crescimento de areas desmatadas ameaca biodiversidade,Negativa,63.0,34.0,-5.3,2025-05-04 00:00:00
Outros,explosao em fabrica deixa feridos na zona industrial,Negativa,61.9,35.2,-6.1,2025-05-04 00:00:00
Outros,roubos a bancos aumentam 12 em regioes metropolitanas,Negativa,62.4,34.7,-5.7,2025-05-04 00:00:00
Outros,inflacao acima da meta impacta mercado financeiro,Negativa,63.1,33.4,-5.0,2025-05-04 00:00:00
Outros,queda na producao agricola eleva precos de alimentos,Negativa,62.5,34.5,-5.5,2025-05-04 00:00:00
Outros,apagoes eletricos deixam cidades sem fornecimento de energia,Negativa,61.6,36.3,-6.4,2025-05-04 00:00:00
Queimadas,incendios em areas urbanas crescem durante o verao,Negativa,63.3,33.2,-5.1,2025-05-04 00:00:00
Outros,aumento da violencia domestica durante a pandemia,Negativa,62.1,35.1,-5.9,2025-05-04 00:00:00
Outros,enchentes desabrigam milhares de familias,Negativa,61.4,36.6,-6.7,2025-05-04 00:00:00
Poluição,contaminacao em reservatorios ameaca abastecimento,Negativa,62.2,34.9,-5.8,2025-05-04 00:00:00
Outros,falha em barragem causa alagamento em cidade vizinha,Negativa,61.7,36.1,-6.3,2025-05-04 00:00:00
Queimadas,queimada ilegal destroi reserva ambiental habitat de especies em perigo de extincao,Negativa,67.35,27.61,-5.04,2025-05-04 00:00:00
Outros,mercado financeiro opera sem grandes oscilacoes,Neutra,67.0,32.8,0.2,2025-05-04 00:00:00
Outros,nivel de desemprego permanece inalterado em junho,Neutra,66.5,33.0,0.1,2025-05-04 00:00:00
Outros,volume de vendas no varejo registra pequena estabilidade,Neutra,66.9,32.7,0.2,2025-05-04 00:00:00
Outros,tempo permanece nublado na maior parte da semana,Neutra,67.1,32.5,0.1,2025-05-04 00:00:00
Outros,producao agricola se mantem proxima a previsao inicial,Neutra,66.8,32.9,0.3,2025-05-04 00:00:00
Outros,indice de endividamento das familias pouco se altera,Neutra,66.7,32.8,0.2,2025-05-04 00:00:00
Outros,patrimonio liquido dos bancos continua estavel,Neutra,67.2,32.6,0.3,2025-05-04 00:00:00
Outros,consumo de carne bovina se mantem constante no trimestre,Neutra,67.0,32.8,0.1,2025-05-04 00:00:00
Outros,transporte aereo apresenta leve variacao,Neutra,66.6,33.1,0.2,2025-05-04 00:00:00
Outros,producao cultural nacional segue no mesmo patamar,Neutra,67.1,32.7,0.3,2025-05-04 00:00:00
Mudanças Climáticas,queda de temperatura prevista e considerada comum para a estacao,Neutra,66.9,32.8,0.1,2025-05-04 00:00:00
Outros,fluxo de turistas se mantem regular em destinos nacionais,Neutra,67.2,32.5,0.2,2025-05-04 00:00:00
Outros,atividade industrial apresenta ritmo semelhante ao mes passado,Neutra,67.0,32.7,0.2,2025-05-04 00:00:00
Outros,balanco de importacoes nao indica grandes mudancas,Neutra,66.7,33.0,0.1,2025-05-04 00:00:00
Poluição,uso de agua em grandes cidades mantemse estavel,Neutra,67.1,32.6,0.2,2025-05-04 00:00:00
Outros,nivel de educacao superior continua em linha com anos anteriores,Neutra,66.8,32.9,0.2,2025-05-04 00:00:00
Outros,taxa de juros basica nao sofre alteracoes,Neutra,66.5,33.2,0.1,2025-05-04 00:00:00
Outros,ocupacao hoteleira segue igual ao ano anterior,Neutra,67.3,32.4,0.3,2025-05-04 00:00:00
Outros,rotatividade no mercado de trabalho permanece nos mesmos niveis,Neutra,66.9,32.8,0.2,2025-05-04 00:00:00
Outros,atividade do setor logistico se estabiliza apos meses de alta,Neutra,67.2,32.5,0.2,2025-05-04 00:00:00
Outros,novos centros culturais sao inaugurados em varias cidades,Positiva,75.3,21.6,4.8,2025-05-04 00:00:00
Outros,investimentos em educacao aumentam pelo quarto ano consecutivo,Positiva,76.0,20.8,5.1,2025-05-04 00:00:00
Outros,cientistas brasileiros desenvolvem vacina promissora,Positiva,76.5,20.1,5.6,2025-05-04 00:00:00
Outros,emprego formal registra alta pelo sexto mes seguido,Positiva,74.8,22.0,4.7,2025-05-04 00:00:00
Conservação,indice de preservacao ambiental bate recorde,Positiva,75.5,21.2,5.0,2025-05-04 00:00:00
Restauração Ecológica,parques publicos recebem melhorias e novas areas verdes,Positiva,74.3,22.4,4.5,2025-05-04 00:00:00
Outros,indice de satisfacao dos consumidores sobe 8 no trimestre,Positiva,75.1,21.7,4.8,2025-05-04 00:00:00
Outros,taxas de criminalidade caem nas principais capitais,Positiva,75.7,21.1,5.2,2025-05-04 00:00:00
Outros,programas sociais reduzem indice de fome,Positiva,76.2,20.4,5.4,2025-05-04 00:00:00
Outros,campanhas de vacinacao atingem meta antecipadamente,Positiva,74.9,21.9,4.9,2025-05-04 00:00:00
Outros,produtividade agricola supera expectativas,Positiva,75.2,21.5,4.7,2025-05-04 00:00:00
Outros,numero de startups cresce 25 no pais,Positiva,74.5,22.3,4.6,2025-05-04 00:00:00
Outros,queda nos precos dos alimentos basicos e registrada,Positiva,75.6,21.3,5.1,2025-05-04 00:00:00
Outros,exportacoes brasileiras atingem novo recorde anual,Positiva,76.0,20.8,5.0,2025-05-04 00:00:00
Outros,acesso a saude publica melhora em areas remotas,Positiva,75.1,21.7,4.9,2025-05-04 00:00:00
Outros,programa de habitacao popular entrega milhares de casas,Positiva,75.8,21.0,5.2,2025-05-04 00:00:00
Políticas Públicas,indice de saneamento basico cresce nas regioes norte e nordeste,Positiva,74.7,22.2,4.6,2025-05-04 00:00:00
Políticas Públicas,pequenos produtores rurais recebem incentivos financeiros,Positiva,75.4,21.4,4.9,2025-05-04 00:00:00
Outros,voluntariado cresce 20 no ultimo ano,Positiva,74.6,22.1,4.7,2025-05-04 00:00:00
Tecnologia Ambiental,novas tecnologias agricolas aumentam producao sustentavel,Positiva,75.9,21.2,5.3,2025-05-04 00:00:00
Desmatamento,desmatamento ilegal cresce em areas de protecao ambiental,Negativa,61.8,36.0,-6.3,2025-05-04 00:00:00
Poluição,poluicao por microplasticos dobra em 5 anos nos oceanos,Negativa,61.8,36.1,-6.3,2025-05-04 00:00:00
Mudanças Climáticas,cidades costeiras sofrem com avanco do mar e erosao,Negativa,62.7,34.8,-5.7,2025-05-04 00:00:00
Biodiversidade,fauna silvestre sofre impacto com obras de infraestrutura,Negativa,61.5,36.6,-6.5,2025-05-04 00:00:00
Poluição,crise hidrica ameaca abastecimento de mais de 10 milhoes de pessoas,Negativa,62.5,35.1,-5.9,2025-05-04 00:00:00
Biodiversidade,temperaturas recordes causam morte em massa de corais,Negativa,61.6,36.5,-6.4,2025-05-04 00:00:00
Desmatamento,expansao de monoculturas prejudica biodiversidade local,Negativa,62.2,35.5,-6.1,2025-05-04 00:00:00
Poluição,desmatamento afeta nascentes e compromete recursos hidricos,Negativa,61.9,36.0,-6.2,2025-05-04 00:00:00
Poluição,despejo de residuos industriais contamina lencois freaticos,Negativa,62.8,34.6,-5.7,2025-05-04 00:00:00
Mudanças Climáticas,avanco de desertificacao ameaca plantacoes,Negativa,61.7,36.2,-6.3,2025-05-04 00:00:00
Poluição,aumento de enchentes urbanas devido a impermeabilizacao do solo,Negativa,62.4,35.3,-5.9,2025-05-04 00:00:00
Poluição,contaminacao por agrotoxicos e detectada em alimentos,Negativa,62.1,35.6,-6.0,2025-05-04 00:00:00
Biodiversidade,extincao de especies ameaca equilibrio ecologico em biomas brasileiros,Negativa,61.8,36.1,-6.2,2025-05-04 00:00:00
Biodiversidade,proliferacao de especies invasoras afeta agricultura local,Negativa,62.5,35.1,-5.9,2025-05-04 00:00:00
Poluição,alagamentos constantes deterioram solo e vegetacao,Negativa,61.6,36.5,-6.4,2025-05-04 00:00:00
Poluição,emissao de gases toxicos aumenta em polos industriais,Negativa,62.3,35.4,-6.0,2025-05-04 00:00:00
Biodiversidade,construcao de hidreletricas desaloja comunidades ribeirinhas,Negativa,61.9,36.0,-6.3,2025-05-04 00:00:00
Poluição,descarte irregular de eletronicos gera poluicao quimica,Negativa,62.6,35.0,-5.8,2025-05-04 00:00:00
Conservação,destruicao de manguezais compromete protecao contra tsunamis,Negativa,62.2,35.5,-6.1,2025-05-04 00:00:00
Poluição,emissao de metano supera expectativas em areas agricolas,Negativa,62.7,34.8,-5.7,2025-05-04 00:00:00
Poluição,uso excessivo de pesticidas afeta saude de trabalhadores rurais,Negativa,61.5,36.6,-6.5,2025-05-04 00:00:00
Conservação,exploracao mineral clandestina causa devastacao ambiental,Negativa,62.4,35.3,-5.9,2025-05-04 00:00:00
Biodiversidade,extincao de abelhas compromete polinizacao em grande escala,Negativa,61.8,36.1,-6.2,2025-05-04 00:00:00
Desmatamento,desmatamento ilegal em reservas extrativistas cresce 30,Negativa,62.1,35.6,-6.0,2025-05-04 00:00:00
Poluição,salga de rios por erosao costeira ameaca agricultura,Negativa,62.8,34.6,-5.7,2025-05-04 00:00:00
Restauração Ecológica,um novo levantamento feito por cientistas da area de climatologia aponta que as temperaturas medias em varias regioes tropicais continuam dentro dos padroes observados nas ultimas duas decadas sem alteracoes significativas que indiquem tendencias alarmantes de aquecimento local,Neutra,67.9,31.2,0.9,2025-05-04 00:00:00
Desmatamento,relatorio anual divulgado por uma organizacao independente revela que a taxa de desmatamento em areas de protecao ambiental se manteve praticamente igual em relacao ao ano anterior sem grandes variacoes positivas ou negativas,Neutra,68.1,30.8,1.1,2025-05-04 00:00:00
Mudanças Climáticas,segundo dados do monitoramento ambiental feito por satelites a extensao do gelo marinho no artico neste inverno foi semelhante a media registrada nos ultimos 15 anos sem recordes de alta nem de baixa,Neutra,68.0,31.0,1.0,2025-05-04 00:00:00
Poluição,os niveis de poluicao das aguas de rios monitorados em areas metropolitanas apresentaram oscilacoes dentro da margem de erro sem mudancas expressivas em termos de qualidade da agua em comparacao ao ultimo relatorio bianual,Neutra,67.8,31.1,1.1,2025-05-04 00:00:00
Mudanças Climáticas,uma pesquisa do instituto nacional de meteorologia mostrou que as chuvas de outono ficaram proximas a media historica sem evidencia de eventos extremos significativos durante o periodo avaliado,Neutra,68.2,30.7,1.1,2025-05-04 00:00:00
Queimadas,o numero de focos de incendio registrados em areas florestais publicas permaneceu estavel segundo dados recentes divulgados pelo corpo de bombeiros ambientais sem aumento ou diminuicao expressiva em relacao aos anos anteriores,Neutra,67.7,31.2,1.1,2025-05-04 00:00:00
Poluição,as taxas de emissao de poluentes atmosfericos de veiculos a diesel se mantiveram constantes apos a implementacao de novas normas de inspecao veicular conforme estudos de controle urbano ambiental,Neutra,68.0,31.0,1.0,2025-05-04 00:00:00
Biodiversidade,o monitoramento continuo da biodiversidade em parques nacionais nao indicou surgimento ou desaparecimento relevante de novas especies nos ultimos 12 meses mantendo o equilibrio observado nos ciclos anteriores,Neutra,68.1,30.8,1.1,2025-05-04 00:00:00
Desmatamento,em regioes de cerrado a cobertura vegetal nativa continua representando cerca de 40 da area original mantendo o indice registrado nos ultimos tres anos de analises ambientais,Neutra,68.0,31.0,1.0,2025-05-04 00:00:00
Restauração Ecológica,a qualidade do solo em plantacoes de larga escala mostrou poucas variacoes em termos de acidez e presenca de nutrientes segundo relatorios tecnicos do ministerio da agricultura,Neutra,67.9,31.1,1.0,2025-05-04 00:00:00
Restauração Ecológica,o aumento desenfreado da mineracao ilegal em regioes de floresta tropical tem causado severa contaminacao dos rios locais por mercurio afetando gravemente populacoes indigenas que dependem dessas aguas para consumo e subsistencia,Negativa,29.2,21.7,49.1,2025-05-04 00:00:00
Biodiversidade,relatorios recentes apontam que o numero de especies ameacadas de extincao aumentou drasticamente no ultimo ano impulsionado principalmente pela perda de habitat causada pelo avanco do agronegocio e da urbanizacao desordenada,Negativa,30.1,20.5,49.4,2025-05-04 00:00:00
Poluição,grande vazamento de petroleo em area costeira ameaca dezenas de especies marinhas e impacta gravemente comunidades ribeirinhas que dependem da pesca artesanal como principal fonte de renda,Negativa,29.5,21.0,49.5,2025-05-04 00:00:00
Mudanças Climáticas,novos estudos indicam que o derretimento de geleiras nas regioes polares esta ocorrendo em ritmo duas vezes mais rapido do que o previsto aumentando os riscos de elevacao do nivel do mar para cidades costeiras em todo o mundo,Negativa,30.0,20.8,49.2,2025-05-04 00:00:00
Desmatamento,o desmatamento ilegal em reservas indigenas cresceu 43 nos ultimos 12 meses colocando em risco populacoes nativas e aumentando a emissao de gases de efeito estufa no bioma amazonico,Negativa,29.7,21.1,49.2,2025-05-04 00:00:00
Poluição,poluicao por microplasticos atinge niveis alarmantes em rios e lagos afetando toda a cadeia alimentar aquatica e representando serios riscos a saude humana segundo novos relatorios ambientais,Negativa,29.3,21.4,49.3,2025-05-04 00:00:00
Biodiversidade,o aumento da temperatura media dos oceanos esta desencadeando episodios mais frequentes de branqueamento de corais colocando em risco ecossistemas marinhos inteiros e a subsistencia de milhares de pescadores,Negativa,29.6,21.2,49.2,2025-05-04 00:00:00
Queimadas,um incendio florestal de grandes proporcoes devastou milhares de hectares de uma reserva natural protegida causando a perda irreversivel de especies endemicas e alterando drasticamente o ecossistema local,Negativa,30.2,20.7,49.1,2025-05-04 00:00:00
Poluição,areas urbanas registram niveis recordes de poluicao atmosferica com impactos diretos no aumento de doencas respiratorias e na qualidade de vida de milhoes de pessoas especialmente em populacoes de baixa renda,Negativa,29.8,21.0,49.2,2025-05-04 00:00:00
Poluição,o desperdicio de agua potavel continua alarmante em regioes metropolitanas com perdas de mais de 40 durante a distribuicao agravando a crise hidrica em plena estacao seca,Negativa,30.0,20.8,49.2,2025-05-04 00:00:00
Restauração Ecológica,um projeto de reflorestamento conseguiu plantar mais de cinco milhoes de arvores em uma area antes devastada por queimadas recuperando o habitat de diversas especies e melhorando a qualidade do ar na regiao,Positiva,78.5,19.0,2.5,2025-05-04 00:00:00
Tecnologia Ambiental,gracas a politicas publicas de incentivo a energia renovavel a producao de energia solar no pais cresceu cinquenta por cento em apenas dois anos colocando o pais como um dos lideres mundiais em energias limpas,Positiva,78.2,19.3,2.5,2025-05-04 00:00:00
Políticas Públicas,um programa de reciclagem em escolas publicas arrecadou toneladas de residuos solidos evitando que grande parte desse lixo fosse parar em rios e oceanos e conscientizando milhares de jovens sobre a importancia do descarte correto,Positiva,78.0,19.5,2.5,2025-05-04 00:00:00
Conservação,apos decadas de esforcos uma populacao de ursospolares em uma regiao do artico comecou a se recuperar mostrando que as medidas de protecao ambiental estao surtindo efeitos positivos,Positiva,77.9,19.6,2.5,2025-05-04 00:00:00
Tecnologia Ambiental,em uma iniciativa inovadora uma cidade brasileira criou telhados verdes obrigatorios para novas construcoes reduzindo a temperatura urbana em ate tres graus e aumentando a presenca de insetos polinizadores,Positiva,78.3,19.2,2.5,2025-05-04 00:00:00
Poluição,relatorio internacional aponta que a quantidade de plastico encontrada nos oceanos permaneceu estavel nos ultimos tres anos sem crescimento significativo mas ainda em niveis preocupantes para a vida marinha,Neutra,68.0,30.8,1.2,2025-05-04 00:00:00
Poluição,uma analise da qualidade do ar nas grandes cidades revelou que os niveis de poluicao atmosferica mantiveramse proximos a media historica sem melhoras expressivas nem pioras consideraveis,Neutra,68.2,30.6,1.2,2025-05-04 00:00:00
Desmatamento,os dados de monitoramento florestal indicam que a perda de cobertura vegetal em areas protegidas se manteve constante em relacao aos anos anteriores sem variacoes alarmantes,Neutra,67.8,31.0,1.2,2025-05-04 00:00:00
Biodiversidade,um estudo recente sobre o comportamento migratorio de aves demonstrou padroes similares aos observados nas ultimas decadas sem desvios que possam indicar alteracoes climaticas locais,Neutra,68.1,30.7,1.2,2025-05-04 00:00:00
Mudanças Climáticas,as temperaturas medias de inverno em regioes temperadas ficaram dentro dos padroes normais segundo a analise climatica mais recente sem tendencia clara de aquecimento ou resfriamento,Neutra,67.9,31.0,1.1,2025-05-04 00:00:00
Queimadas,um incendio florestal de grandes proporcoes consumiu milhares de hectares de mata nativa destruindo habitats importantes e emitindo toneladas de gases de efeito estufa na atmosfera,Negativa,29.8,20.1,50.1,2025-05-04 00:00:00
Poluição,estudos revelam que a poluicao por microplasticos atingiu niveis criticos nos maiores rios do continente ameacando a vida aquatica e afetando a seguranca alimentar de comunidades ribeirinhas,Negativa,30.2,19.9,49.9,2025-05-04 00:00:00
Desmatamento,a derrubada ilegal de arvores em areas de protecao ambiental aumentou consideravelmente nos ultimos meses dificultando os esforcos de conservacao da biodiversidade,Negativa,30.1,20.0,49.9,2025-05-04 00:00:00
Biodiversidade,um novo relatorio sobre o estado dos recifes de coral mostra que mais da metade das estruturas estudadas estao branqueadas ou mortas em consequencia do aumento da temperatura dos oceanos,Negativa,29.9,20.2,49.9,2025-05-04 00:00:00
Poluição,a escassez de chuvas intensificada pelas mudancas climaticas provocou uma grave crise hidrica em diversas regioes afetando a agricultura e reduzindo a disponibilidade de agua potavel para milhoes de pessoas,Negativa,30.0,20.0,50.0,2025-05-04 00:00:00
Restauração Ecológica,projetos de energia solar atingem comunidades rurais no brasil comunidades rurais brasileiras estao se beneficiando de projetos de energia solar que oferecem eletricidade a vilarejos isolados essas iniciativas estao melhorando a qualidade de vida reduzindo custos e promovendo energia limpa agora podemos estudar a noite e utilizar equipamentos que antes eram impossiveis celebrou maria santos moradora de uma dessas comunidades o sucesso do programa esta incentivando a expansao para outras regioes,Positiva,32.49,65.03,-2.48,2025-05-04 00:00:00
Restauração Ecológica,estudo avalia impacto de ventos fortes na regeneracao da floresta amazonica pesquisadores tem observado como ventos fortes em determinadas areas da amazonia afetam a dispersao de sementes e contribuem para a regeneracao florestal em algumas regioes especies de arvores especificas estao prosperando enquanto outras apresentam crescimento mais lento essas dinamicas naturais mostram como a floresta encontra formas de se regenerar mesmo diante de desafios explicou marcos silva ecologo os resultados ajudam a planejar iniciativas de conservacao mais eficazes,Neutra,32.03,64.03,-3.94,2025-05-04 00:00:00
Biodiversidade,mudancas nos padroes de migracao de aves no brasil intrigam cientistas ornitologos estao investigando alteracoes nos padroes de migracao de aves em diversas partes do brasil enquanto algumas especies tem ampliado suas rotas outras estao preferindo areas mais proximas de seus habitats originais e essencial entender essas mudancas ja que elas podem indicar transformacoes maiores nos ecossistemas comentou helena ribeiro biologa as pesquisas continuam para aprofundar o conhecimento sobre esses fenomenos,Neutra,32.17,64.52,-3.32,2025-05-04 00:00:00
Tecnologia Ambiental,agricultores e pesquisadores colaboram em iniciativas de manejo de solo em regioes agricolas do brasil parcerias entre agricultores e cientistas tem gerado dados valiosos sobre praticas sustentaveis de manejo do solo metodos como plantio direto e cultivo em consorcio estao sendo avaliados em diferentes contextos climaticos queremos combinar praticas tradicionais com ciencia para garantir uma producao que respeite o meio ambiente destacou joao almeida agronomo os resultados iniciais mostram promessas de maior produtividade com menor impacto ambiental,Neutra,65.44,31.9,-2.67,2025-05-04 00:00:00
Poluição,aumento de residuos eletronicos desafiam sistemas de reciclagem no brasil o brasil enfrenta um crescimento alarmante na producao de residuos eletronicos com descarte inadequado que impacta gravemente o meio ambiente equipamentos como celulares e computadores tem contribuido para a poluicao de solos e cursos dagua a falta de politicas efetivas para lidar com residuos eletronicos esta criando um problema serio para o futuro ambiental do pais afirmou patricia moraes especialista em gestao de residuos organizacoes pressionam por solucoes mais eficazes para enfrentar essa crise,Negativa,32.28,64.99,-2.72,2025-05-04 00:00:00
Queimadas,queimadas em areas rurais preocupam comunidades locais regioes rurais do brasil tem registrado um aumento significativo em queimadas resultando na destruicao de habitats naturais e na emissao de grandes quantidades de gases poluentes agricultores relatam prejuizos e dificuldades para lidar com os impactos essas queimadas afetam nao apenas o meio ambiente mas tambem a sustentabilidade das comunidades locais alertou carlos oliveira ambientalista fiscalizacao e educacao sao apontadas como essenciais para reduzir essas praticas,Negativa,33.06,66.52,-0.42,2025-05-04 00:00:00
Poluição,pesquisas indicam queda no nivel dos aquiferos brasileiros estudos recentes mostram que importantes aquiferos do brasil como o aquifero guarani estao apresentando reducao nos niveis de agua devido ao uso excessivo e a falta de manejo sustentavel esse cenario ameaca a disponibilidade de recursos hidricos para comunidades e ecossistemas estamos vendo uma reducao preocupante que pode ter consequencias graves no longo prazo explicou julia mendes hidrologa especialistas destacam a urgencia de estrategias para protecao e uso consciente dessas reservas,Negativa,63.73,32.87,-3.4,2025-05-04 00:00:00
Tecnologia Ambiental,brasil bate recorde no uso de energias renovaveis em sua matriz energetica o brasil alcancou um marco historico ao atingir 90 de sua matriz energetica proveniente de fontes renovaveis com investimentos macicos em energia solar eolica e hidreletrica o pais se posiciona como lider global em solucoes sustentaveis para a geracao de energia esse avanco reflete um compromisso nacional com a protecao ambiental e a reducao de emissoes de carbono destacou sofia almeida especialista em energia limpa a iniciativa tambem gerou milhares de empregos verdes e impulsionou economias locais,Positiva,64.01,32.79,-3.21,2025-05-04 00:00:00
Restauração Ecológica,reflorestamento na amazonia recupera mais de 1 milhao de hectares projetos de reflorestamento na floresta amazonica conduzidos em parceria entre governo e organizacoes locais restauraram mais de 1 milhao de hectares de areas degradadas o esforco inclui o plantio de arvores nativas e iniciativas de agrofloresta que beneficiam comunidades da regiao estamos reconstruindo o equilibrio ecologico da amazonia e garantindo um futuro para as proximas geracoes afirmou marcos tavares coordenador do projeto a acao tambem promove a conscientizacao ambiental nas escolas locais,Positiva,65.08,32.84,-2.07,2025-05-04 00:00:00
Conservação,parques nacionais do brasil registram aumento no turismo sustentavel parques nacionais brasileiros como o parque nacional da chapada dos veadeiros e o parque nacional do iguacu tem registrado um aumento significativo no turismo sustentavel as visitas impulsionam economias locais e promovem a educacao ambiental entre turistas o ecoturismo e uma ferramenta poderosa para conectar as pessoas a natureza e incentivar sua preservacao disse carolina lima guia ambiental o sucesso dessas iniciativas reforca a importancia de proteger as areas naturais do pais,Positiva,32.6,63.57,-3.83,2025-05-04 00:00:00
Biodiversidade,pesquisadores avaliam resiliencia de plantas do cerrado frente as mudancas climaticas um estudo recente esta analisando como plantas do bioma cerrado estao se adaptando as mudancas climaticas naturais pesquisadores identificaram que algumas especies conseguem manter ciclos de crescimento estaveis enquanto outras estao ajustando suas estrategias de sobrevivencia entender essa resiliencia natural nos ajuda a planejar estrategias de conservacao eficazes afirmou amanda ribeiro ecologa os resultados sao promissores para o manejo sustentavel do bioma,Neutra,31.48,65.36,-3.17,2025-05-04 00:00:00
Poluição,impactos de aguas pluviais no meio ambiente urbano sao monitorados especialistas tem investigado como as aguas pluviais estao afetando o meio ambiente urbano no brasil o estudo avalia tanto beneficios como aumento da vegetacao urbana quanto desafios como alagamentos e erosao de solos monitorar esses impactos e essencial para garantir um planejamento urbano que integre sustentabilidade e desenvolvimento explicou jose nogueira engenheiro ambiental as analises continuarao ao longo das proximas estacoes chuvosas,Neutra,65.44,32.01,-2.55,2025-05-04 00:00:00
Biodiversidade,estudo explora transformacoes naturais em rios da amazonia pesquisadores estao acompanhando alteracoes naturais nos leitos dos rios amazonicos provocadas por movimentos de sedimentos e mudancas no fluxo de agua esses fenomenos influenciam a distribuicao de especies aquaticas e a saude geral dos ecossistemas observar esses processos nos ajuda a compreender melhor a dinamica natural da amazonia comentou beatriz cardoso especialista em recursos hidricos o trabalho oferece informacoes valiosas para projetos de preservacao fluvial,Neutra,31.85,64.85,-3.29,2025-05-04 00:00:00
Outros,as noticias sobre desmatamento nao sao nem boas e nem ruins,Neutra,-1.19,31.24,67.57,2025-05-04 00:00:00
Outros,noticias sobre desmatamento nao variam entre positivo e negativo,Neutra,31.59,-2.09,66.32,2025-05-04 00:00:00
Outros,noticias sobre desmatamento sao neutras,Neutra,-3.17,30.55,66.28,2025-05-04 00:00:00
Mudanças Climáticas,temperaturas permanecem estaveis em diversas regioes do pais,Neutra,65.3,30.5,0.2,2025-05-04 00:00:00
Outros,volume de vendas do comercio varejista mantemse igual ao do mes anterior,Neutra,67.8,29.1,0.0,2025-05-04 00:00:00
Outros,populacao urbana cresce em ritmo semelhante ao do ano passado,Neutra,66.5,31.0,-0.1,2025-05-04 00:00:00
Poluição,nivel dos reservatorios de agua permanece constante,Neutra,68.2,29.0,0.1,2025-05-04 00:00:00
Outros,exportacoes brasileiras ficam no mesmo patamar do trimestre anterior,Neutra,65.0,32.5,0.0,2025-05-04 00:00:00
Outros,mercado de trabalho apresenta estabilidade no numero de vagas,Neutra,67.1,30.8,-0.2,2025-05-04 00:00:00
Outros,producao industrial registra variacao minima em abril,Neutra,66.7,31.3,0.0,2025-05-04 00:00:00
Outros,setor de turismo mantem numeros semelhantes aos de 2024,Neutra,66.1,32.0,0.1,2025-05-04 00:00:00
Mudanças Climáticas,volume de chuvas em maio ficou proximo da media historica,Neutra,68.5,29.2,-0.1,2025-05-04 00:00:00
Outros,pesquisa aponta que habitos alimentares permanecem inalterados,Neutra,65.8,31.7,0.0,2025-05-04 00:00:00
Outros,investimentos em infraestrutura seguem em ritmo moderado,Neutra,66.2,30.9,0.0,2025-05-04 00:00:00
Outros,taxa de natalidade apresenta pequena variacao em relacao ao ano anterior,Neutra,67.4,29.8,0.1,2025-05-04 00:00:00
Poluição,consumo de energia eletrica se mantem estavel no primeiro semestre,Neutra,68.0,30.0,0.0,2025-05-04 00:00:00
Outros,trafego de veiculos nas rodovias federais nao apresenta mudancas significativas,Neutra,66.9,31.2,0.0,2025-05-04 00:00:00
Outros,preco medio da cesta basica permanece quase inalterado,Neutra,67.2,30.7,0.2,2025-05-04 00:00:00
Outros,nivel de alfabetizacao entre jovens segue o mesmo do ultimo ano,Neutra,66.5,32.0,-0.1,2025-05-04 00:00:00
Outros,frequencia escolar entre criancas se mantem estavel,Neutra,67.6,29.9,0.0,2025-05-04 00:00:00
Desmatamento,o desmatamento na amazonia atingiu o maior nivel em 15 anos com mais de 13000 km² de floresta perdidos em 2023 segundo dados do inpe especialistas alertam para o risco de savanizacao irreversivel do bioma,Negativa,57.18396665068782,24.38303697736147,18.4329963719507,2025-05-05 00:00:00
Poluição,vazamento de oleo no litoral nordestino contamina 300 km de praias afetando tartarugas marinhas e pescadores limpeza pode levar anos diz ibama,Negativa,50.34865184010025,16.8373980101381,32.81395014976168,2025-05-05 00:00:00
Queimadas,incendios no pantanal queimam 30 do bioma em 2024 destruindo habitats de oncaspintadas e ararasazuis fogo foi intensificado pela seca extrema,Negativa,55.26988989421675,17.777893692093425,26.95221641368985,2025-05-05 00:00:00
Mudanças Climáticas,relatorio da onu aponta que o brasil falhara em suas metas de reducao de emissoes podendo aumentar em 50 as emissoes de co² ate 2030,Positiva,22.468680835572595,32.34557316960016,45.18574599482725,2025-05-05 00:00:00
Biodiversidade,trafico de animais silvestres cresce 40 na amazonia impulsionado por demanda internacional especies como ararajubas estao a beira da extincao,Positiva,46.77376081304534,3.504205714534728,49.72203347241992,2025-05-05 00:00:00
Políticas Públicas,governo reduz orcamento para fiscalizacao ambiental em 60 enfraquecendo o combate ao desmatamento ilegal segundo ongs,Negativa,62.54212568603501,9.57633278993252,27.881541524032468,2025-05-05 00:00:00
Restauração Ecológica,projetos de reflorestamento na mata atlantica estao paralisados por falta de verba com apenas 5 da meta anual cumprida,Negativa,100.0,0.0,0.0,2025-05-05 00:00:00
Tecnologia Ambiental,sistema de monitoramento por satelite falha em detectar 30 dos desmatamentos em tempo real permitindo avanco da destruicao,Negativa,52.9477242455157,20.864412811346497,26.18786294313777,2025-05-05 00:00:00
Poluição,rio tiete atinge nivel recorde de poluicao por agrotoxicos tornando a agua impropria para consumo em 10 cidades paulistas,Negativa,73.61206870706012,2.010606025045448,24.377325267894427,2025-05-05 00:00:00
Conservação,unidades de conservacao na amazonia sofrem invasoes de garimpeiros com 200 de aumento em areas degradadas desde 2022,Negativa,72.2862389054716,1.861043466687854,25.85271762784056,2025-05-05 00:00:00
Restauração Ecológica,iniciativa de reflorestamento urbano transforma terrenos baldios em bosques comunitarios aumentando a qualidade do ar em areas densamente povoadas,Positiva,2.5,95.2,2.3,2025-05-05 00:00:00
Conservação,pesquisadores relatam o retorno de especies ameacadas em reservas ambientais apos uma decada de protecao continua,Positiva,3.2,91.8,5.0,2025-05-05 00:00:00
Políticas Públicas,programa de incentivo a energia solar oferece subsidios para comunidades rurais promovendo sustentabilidade energetica,Positiva,1.8,93.5,4.7,2025-05-05 00:00:00
Tecnologia Ambiental,nova tecnologia de filtragem remove ate 98 das particulas poluentes do ar em regioes industriais melhorando a saude da populacao local,Positiva,4.1,92.7,3.2,2025-05-05 00:00:00
Conservação,projeto de recuperacao de manguezais atinge 80 de sua meta anual com impacto direto na preservacao da biodiversidade marinha,Positiva,3.3,88.6,8.1,2025-05-05 00:00:00
Biodiversidade,centro de resgate animal anuncia recorde de reintroducoes bem sucedidas de aves silvestres ao habitat natural,Positiva,2.9,90.1,7.0,2025-05-05 00:00:00
Tecnologia Ambiental,sensor inteligente e instalado em rios para detectar poluentes em tempo real facilitando acoes imediatas de contencao,Positiva,3.5,91.4,5.1,2025-05-05 00:00:00
Políticas Públicas,lei proibe novos licenciamentos para empreendimentos em areas de protecao permanente protegendo nascentes e florestas,Positiva,4.4,89.6,6.0,2025-05-05 00:00:00
Restauração Ecológica,mutirao com voluntarios planta milhares de arvores nativas em areas degradadas durante semana do meio ambiente,Positiva,2.1,94.3,3.6,2025-05-05 00:00:00
Biodiversidade,criacao de corredor ecologico permite que animais silvestres atravessem areas urbanas com seguranca promovendo conectividade genetica,Positiva,3.7,92.5,3.8,2025-05-05 00:00:00
Conservação,governo amplia area de protecao da mata atlantica e aumenta recursos destinados a fiscalizacao,Positiva,2.0,90.2,7.8,2025-05-05 00:00:00
Poluição,campanha de limpeza em praias recolhe toneladas de residuos e sensibiliza a populacao sobre descarte correto,Positiva,3.8,89.1,7.1,2025-05-05 00:00:00
Políticas Públicas,nova politica de logistica reversa obriga industrias a recolherem seus residuos reduzindo impacto ambiental,Positiva,4.5,87.0,8.5,2025-05-05 00:00:00
Tecnologia Ambiental,pesquisadores desenvolvem plastico biodegradavel com baixo custo e producao escalavel para substituir embalagens convencionais,Positiva,2.4,93.7,3.9,2025-05-05 00:00:00
Biodiversidade,populacao de oncas pintadas cresce em parque nacional apos acoes conjuntas de monitoramento e protecao,Positiva,3.0,88.4,8.6,2025-05-05 00:00:00
Conservação,acordo entre paises amazonicos fortalece acoes transfronteiricas de combate ao desmatamento ilegal,Positiva,3.9,86.2,9.9,2025-05-05 00:00:00
Restauração Ecológica,area de mineracao desativada e recuperada com vegetacao nativa servindo de exemplo para outras regioes,Positiva,4.2,88.5,7.3,2025-05-05 00:00:00
Políticas Públicas,municipio implementa coleta seletiva em 100 dos bairros com aumento significativo na reciclagem,Positiva,2.5,90.0,7.5,2025-05-05 00:00:00
Tecnologia Ambiental,drone com inteligencia artificial e usado para plantar sementes em areas de dificil acesso acelerando reflorestamento,Positiva,1.9,94.8,3.3,2025-05-05 00:00:00
Biodiversidade,especie considerada extinta e redescoberta por pesquisadores durante expedicao em floresta preservada,Positiva,3.6,89.9,6.5,2025-05-05 00:00:00
Desmatamento,regiao amazonica registra recorde de desmatamento com avanco de areas ilegais para criacao de gado,Negativa,91.5,3.2,5.3,2025-05-05 00:00:00
Poluição,industrias lancam toneladas de residuos toxicos em rio afetando o abastecimento de cidades ribeirinhas,Negativa,89.3,2.8,7.9,2025-05-05 00:00:00
Queimadas,numero de focos de incendio florestal aumenta 60 em relacao ao mesmo periodo do ano anterior,Negativa,92.6,3.1,4.3,2025-05-05 00:00:00
Políticas Públicas,cortes orcamentarios comprometem fiscalizacao ambiental e reduzem acoes de combate a crimes ecologicos,Negativa,88.4,4.6,7.0,2025-05-05 00:00:00
Desmatamento,desmatamento avanca sobre terras indigenas colocando em risco comunidades tradicionais e biodiversidade,Negativa,90.2,2.9,6.9,2025-05-05 00:00:00
Poluição,niveis de poluicao atmosferica superam limites recomendados pela oms em grandes centros urbanos,Negativa,85.1,5.0,9.9,2025-05-05 00:00:00
Biodiversidade,relatorio aponta queda de 40 nas populacoes de anfibios em apenas uma decada por perda de habitat,Negativa,87.6,3.4,9.0,2025-05-05 00:00:00
Conservação,reservas ambientais sofrem com cortes de vigilancia facilitando invasoes e exploracao ilegal de recursos,Negativa,84.7,4.8,10.5,2025-05-05 00:00:00
Queimadas,areas de protecao permanente sao atingidas por queimadas criminosas gerando prejuizos ecologicos e economicos,Negativa,91.9,3.3,4.8,2025-05-05 00:00:00
Poluição,despejo clandestino de esgoto compromete mananciais e causa surtos de doencas em comunidades ribeirinhas,Negativa,86.4,2.7,10.9,2025-05-05 00:00:00
Mudanças Climáticas,ondas de calor extremo afetam lavouras e elevam risco de incendios em varias regioes,Negativa,89.0,4.2,6.8,2025-05-05 00:00:00
Desmatamento,acao de grileiros desmata area equivalente a cinco mil campos de futebol em regiao de floresta tropical,Negativa,90.8,3.5,5.7,2025-05-05 00:00:00
Políticas Públicas,revogacao de normas ambientais abre brecha para exploracao em areas antes protegidas,Negativa,87.1,2.9,10.0,2025-05-05 00:00:00
Queimadas,incendio de grandes proporcoes atinge parque nacional destruindo habitats inteiros de especies endemicas,Negativa,92.3,1.8,5.9,2025-05-05 00:00:00
Poluição,lixoes irregulares crescem nas periferias das cidades causando impactos na saude da populacao,Negativa,85.6,3.7,10.7,2025-05-05 00:00:00
Conservação,relatorio internacional alerta sobre abandono de areas protegidas e perda acelerada de biodiversidade,Negativa,88.9,3.1,8.0,2025-05-05 00:00:00
Mudanças Climáticas,subida do nivel do mar ameaca comunidades costeiras e forca deslocamento de milhares de pessoas,Negativa,90.4,2.6,7.0,2025-05-05 00:00:00
Desmatamento,exploracao madeireira ilegal avanca mesmo com presenca de fiscalizacao causando degradacao acelerada,Negativa,89.2,3.0,7.8,2025-05-05 00:00:00
Biodiversidade,atividade de mineracao em areas sensiveis provoca destruicao de habitats unicos e perda genetica,Negativa,87.8,4.4,7.8,2025-05-05 00:00:00
Poluição,chuvas arrastam toneladas de lixo para os oceanos afetando vida marinha e cadeias alimentares,Negativa,91.0,3.9,5.1,2025-05-05 00:00:00
Outros,pesquisa aponta que jovens estao cada vez mais preocupados com temas ligados ao meio ambiente em plataformas digitais,Neutra,15.0,12.0,73.0,2025-05-05 00:00:00
Tecnologia Ambiental,nova startup propoe sensores para medir qualidade do solo mas produto ainda nao chegou ao mercado,Neutra,20.5,17.6,61.9,2025-05-05 00:00:00
Políticas Públicas,governo anuncia estudo para revisao das metas ambientais mas ainda sem prazos definidos para implementacao,Neutra,18.9,20.3,60.8,2025-05-05 00:00:00
Biodiversidade,estudo revela mudancas no comportamento de aves em areas urbanas mas causas ainda sao incertas,Neutra,22.1,18.4,59.5,2025-05-05 00:00:00
Restauração Ecológica,especialistas discutem estrategias para recuperacao de biomas em evento internacional sem anunciar medidas praticas,Neutra,17.0,19.3,63.7,2025-05-05 00:00:00
Outros,relatorio apresenta dados sobre emissoes de gases em diferentes paises com foco em comparacao estatistica,Neutra,21.0,15.0,64.0,2025-05-05 00:00:00
Mudanças Climáticas,artigo cientifico sugere relacao entre eventos climaticos extremos e padroes atmosfericos globais,Neutra,16.4,18.2,65.4,2025-05-05 00:00:00
Tecnologia Ambiental,nova patente registrada por universidade visa aprimorar coleta de dados ambientais em areas remotas,Neutra,19.2,21.1,59.7,2025-05-05 00:00:00
Outros,encontro discute politicas de educacao ambiental com foco em diretrizes curriculares para os proximos anos,Neutra,15.3,14.9,69.8,2025-05-05 00:00:00
Políticas Públicas,conselho ambiental realiza consulta publica sobre regulamentacao de novos empreendimentos,Neutra,20.6,16.4,63.0,2025-05-05 00:00:00
Conservação,relatorio aponta estabilidade na cobertura florestal em determinadas regioes com variacoes minimas,Neutra,22.5,18.7,58.8,2025-05-05 00:00:00
Outros,universidade lanca curso de extensao sobre sustentabilidade e mudancas ambientais,Neutra,17.0,16.0,67.0,2025-05-05 00:00:00
Biodiversidade,pesquisa genomica identifica variacoes naturais em populacoes de especies amazonicas sem apontar riscos,Neutra,18.4,17.1,64.5,2025-05-05 00:00:00
Tecnologia Ambiental,empresa apresenta novo software para modelagem de impactos ambientais mas testes ainda estao em fase inicial,Neutra,19.0,20.0,61.0,2025-05-05 00:00:00
Mudanças Climáticas,relatorio tecnico analisa padroes historicos de temperatura e precipitacao no territorio nacional,Neutra,16.9,15.1,68.0,2025-05-05 00:00:00
Outros,ong lanca campanha de conscientizacao ambiental voltada para escolas com foco informativo,Neutra,15.5,18.5,66.0,2025-05-05 00:00:00
Conservação,encontro de especialistas analisa politicas atuais de preservacao com enfase em areas costeiras,Neutra,18.8,17.2,64.0,2025-05-05 00:00:00
Poluição,estudo apresenta inventario de fontes poluidoras no perimetro urbano sem medidas de mitigacao anunciadas,Neutra,21.3,15.4,63.3,2025-05-05 00:00:00
Queimadas,analise estatistica aponta reducao minima em focos de incendio em areas especificas sem alteracoes politicas,Neutra,22.0,16.8,61.2,2025-05-05 00:00:00
Tecnologia Ambiental,evento de inovacao discute aplicacoes ambientais de inteligencia artificial em fase conceitual,Neutra,20.7,19.5,59.8,2025-05-05 00:00:00
Desmatamento,regiao amazonica registra recorde de desmatamento com avanco de areas ilegais para criacao de gado,Negativa,91.5,3.2,5.3,2025-05-05 00:00:00
Poluição,industrias lancam toneladas de residuos toxicos em rio afetando o abastecimento de cidades ribeirinhas,Negativa,89.3,2.8,7.9,2025-05-05 00:00:00
Queimadas,numero de focos de incendio florestal aumenta 60 em relacao ao mesmo periodo do ano anterior,Negativa,92.6,3.1,4.3,2025-05-05 00:00:00
Políticas Públicas,cortes orcamentarios comprometem fiscalizacao ambiental e reduzem acoes de combate a crimes ecologicos,Negativa,88.4,4.6,7.0,2025-05-05 00:00:00
Desmatamento,desmatamento avanca sobre terras indigenas colocando em risco comunidades tradicionais e biodiversidade,Negativa,90.2,2.9,6.9,2025-05-05 00:00:00
Poluição,niveis de poluicao atmosferica superam limites recomendados pela oms em grandes centros urbanos,Negativa,85.1,5.0,9.9,2025-05-05 00:00:00
Biodiversidade,relatorio aponta queda de 40 nas populacoes de anfibios em apenas uma decada por perda de habitat,Negativa,87.6,3.4,9.0,2025-05-05 00:00:00
Conservação,reservas ambientais sofrem com cortes de vigilancia facilitando invasoes e exploracao ilegal de recursos,Negativa,84.7,4.8,10.5,2025-05-05 00:00:00
Queimadas,relatorio aponta que 70 das queimadas recentes sao resultado de acoes humanas intencionais,Negativa,90.4,3.6,6.0,2025-05-05 00:00:00
Mudanças Climáticas,ondas de calor intensificadas causam morte de milhares de peixes em lagoas urbanas,Negativa,86.9,2.5,10.6,2025-05-05 00:00:00
Poluição,derramamento de oleo atinge area costeira e compromete ecossistemas marinhos e turismo local,Negativa,88.2,3.7,8.1,2025-05-05 00:00:00
Biodiversidade,especies endemicas da caatinga sofrem risco elevado de extincao com avanco do desmatamento,Negativa,89.8,2.6,7.6,2025-05-05 00:00:00
Políticas Públicas,revogacao de normativas ambientais facilita licenciamento de atividades poluidoras,Negativa,87.1,3.5,9.4,2025-05-05 00:00:00
Queimadas,fumaca de queimadas afeta qualidade do ar em capitais brasileiras e eleva internacoes por doencas respiratorias,Negativa,90.0,2.9,7.1,2025-05-05 00:00:00
Tecnologia Ambiental,falhas em sistemas de monitoramento impedem deteccao precoce de desmatamentos ilegais,Negativa,85.7,4.1,10.2,2025-05-05 00:00:00
Desmatamento,plano de expansao agricola ignora areas de preservacao permanente e agrava degradacao,Negativa,89.5,3.0,7.5,2025-05-05 00:00:00
Mudanças Climáticas,niveis do mar sobem e ameacam comunidades litoraneas com aumento de erosoes e inundacoes,Negativa,91.0,2.4,6.6,2025-05-05 00:00:00
Outros,aumento do consumo de carvao mineral impulsiona emissoes de gases de efeito estufa,Negativa,88.3,3.3,8.4,2025-05-05 00:00:00
Poluição,uso excessivo de agrotoxicos contamina lencois freaticos e ameaca saude publica,Negativa,90.7,3.1,6.2,2025-05-05 00:00:00
Desmatamento,avanco de estradas ilegais acelera desmatamento em areas de floresta intacta,Negativa,87.9,2.7,9.4,2025-05-05 00:00:00
Outros,estudo avalia diferentes metodos de compostagem urbana em areas metropolitanas brasileiras,Neutra,2.0,3.5,94.5,2025-05-05 00:00:00
Tecnologia Ambiental,pesquisa compara eficiencia de diferentes tipos de paineis solares em regioes tropicais,Neutra,3.1,2.6,94.3,2025-05-05 00:00:00
Políticas Públicas,relatorio apresenta metas do plano nacional de residuos solidos ate 2030,Neutra,3.0,4.2,92.8,2025-05-05 00:00:00
Conservação,inventario florestal mede aumento de biomassa em regioes preservadas,Neutra,2.4,3.7,93.9,2025-05-05 00:00:00
Mudanças Climáticas,estudo climatico projeta cenarios de temperatura para o nordeste nos proximos 50 anos,Neutra,2.6,3.1,94.3,2025-05-05 00:00:00
Restauração Ecológica,avaliacao tecnica estima tempo medio de recuperacao de areas degradadas por mineracao,Neutra,3.2,2.9,93.9,2025-05-05 00:00:00
Biodiversidade,pesquisa identifica novas especies de insetos em reserva biologica no centro oeste,Neutra,3.9,3.2,92.9,2025-05-05 00:00:00
Poluição,relatorio anual mostra variacoes sazonais nos niveis de poluentes atmosfericos urbanos,Neutra,3.0,4.0,93.0,2025-05-05 00:00:00
Tecnologia Ambiental,comparacao entre tipos de baterias sustentaveis revela potencial de inovacao no setor,Neutra,4.1,2.5,93.4,2025-05-05 00:00:00
Outros,levantamento analisa habitos de descarte de lixo eletronico em centros urbanos,Neutra,3.5,2.8,93.7,2025-05-05 00:00:00
Políticas Públicas,mapeamento mostra evolucao da cobertura vegetal nos ultimos 20 anos,Neutra,2.9,3.3,93.8,2025-05-05 00:00:00
Conservação,avaliacao tecnica mapeia corredores ecologicos prioritarios para conservacao,Neutra,2.6,2.9,94.5,2025-05-05 00:00:00
Restauração Ecológica,levantamento aponta areas potenciais para plantio de especies nativas,Neutra,3.0,3.1,93.9,2025-05-05 00:00:00
Biodiversidade,relatorio apresenta diversidade de mamiferos catalogados em reserva florestal,Neutra,2.7,2.8,94.5,2025-05-05 00:00:00
Mudanças Climáticas,analise de series historicas aponta aumento gradual de temperatura media anual,Neutra,3.3,3.0,93.7,2025-05-05 00:00:00
Tecnologia Ambiental,testes com sensores remotos mostram precisao na deteccao de areas degradadas,Neutra,3.6,3.2,93.2,2025-05-05 00:00:00
Poluição,monitoramento revela niveis controlados de poluentes em area industrial,Neutra,2.8,3.5,93.7,2025-05-05 00:00:00
Outros,projecao de crescimento populacional e usada para planejar gestao de recursos hidricos,Neutra,2.5,2.9,94.6,2025-05-05 00:00:00
Políticas Públicas,documento propoe novas metas para licenciamento ambiental em zonas urbanas,Neutra,3.1,3.0,93.9,2025-05-05 00:00:00
Tecnologia Ambiental,sistema de previsao automatizado ajuda na gestao de areas suscetiveis a incendios,Neutra,3.7,2.8,93.5,2025-05-05 00:00:00
Desmatamento,exploracao madeireira ilegal avanca sobre reservas extrativistas no norte do pais,Negativa,86.5,3.0,10.5,2025-05-05 00:00:00
Poluição,cidade registra aumento de 40 nos niveis de ozonio troposferico colocando populacao em risco,Negativa,87.2,4.1,8.7,2025-05-05 00:00:00
Queimadas,vegetacao nativa do cerrado e destruida por incendios sem controle e sem monitoramento adequado,Negativa,88.0,3.7,8.3,2025-05-05 00:00:00
Políticas Públicas,nova proposta de lei ambiental e criticada por flexibilizar normas de licenciamento,Negativa,89.6,2.8,7.6,2025-05-05 00:00:00
Biodiversidade,pesquisadores alertam para extincao iminente de mamiferos ameacados por caca ilegal,Negativa,90.1,3.2,6.7,2025-05-05 00:00:00
Conservação,corte de verbas inviabiliza projetos de conservacao em parques nacionais,Negativa,85.3,3.5,11.2,2025-05-05 00:00:00
Mudanças Climáticas,seca prolongada reduz niveis de reservatorios e afeta abastecimento de agua no sudeste,Negativa,86.7,2.9,10.4,2025-05-05 00:00:00
Tecnologia Ambiental,falhas em drones dificultam fiscalizacao de areas desmatadas na regiao amazonica,Negativa,87.8,4.0,8.2,2025-05-05 00:00:00
Outros,exploracao mineral em unidades de conservacao cresce apos reducao de restricoes legais,Negativa,89.0,3.3,7.7,2025-05-05 00:00:00
Poluição,cidades litoraneas enfrentam aumento de lixo plastico em praias afetando fauna marinha,Negativa,88.6,2.5,8.9,2025-05-05 00:00:00
Desmatamento,corte ilegal de arvores raras em area de mata atlantica preocupa ambientalistas,Negativa,86.9,3.6,9.5,2025-05-05 00:00:00
Queimadas,zona rural registra aumento de queimadas para limpeza de terrenos antes do plantio,Negativa,87.2,3.9,8.9,2025-05-05 00:00:00
Políticas Públicas,relaxamento de normas ambientais para grandes obras gera criticas de ongs,Negativa,88.1,3.4,8.5,2025-05-05 00:00:00
Biodiversidade,relatorio mostra queda de 70 na populacao de borboletas em areas agricolas intensivas,Negativa,90.0,2.6,7.4,2025-05-05 00:00:00
Conservação,falta de vigilancia incentiva pesca predatoria em areas de protecao ambiental,Negativa,86.3,3.8,9.9,2025-05-05 00:00:00
Mudanças Climáticas,alagamentos causados por chuvas intensas afetam milhares em zonas urbanas,Negativa,87.5,4.2,8.3,2025-05-05 00:00:00
Tecnologia Ambiental,plataformas de alerta climatico falham durante evento extremo prejudicando resposta emergencial,Negativa,89.2,3.1,7.7,2025-05-05 00:00:00
Outros,expansao desordenada de cidades reduz areas verdes e aumenta ilhas de calor,Negativa,88.4,2.7,8.9,2025-05-05 00:00:00
Poluição,aumento do uso de combustiveis fosseis reverte queda de emissoes observada em anos anteriores,Negativa,90.3,3.3,6.4,2025-05-05 00:00:00
Desmatamento,grilagem de terras publicas impulsiona destruicao de areas florestais protegidas,Negativa,91.0,2.8,6.2,2025-05-05 00:00:00
Outros,pesquisa analisa relacao entre consumo sustentavel e habitos alimentares urbanos,Neutra,2.9,3.1,94.0,2025-05-05 00:00:00
Tecnologia Ambiental,relatorio tecnico detalha eficiencia de telhados verdes no controle termico urbano,Neutra,3.3,2.8,93.9,2025-05-05 00:00:00
Políticas Públicas,estudo compara legislacoes ambientais entre estados brasileiros,Neutra,2.7,3.2,94.1,2025-05-05 00:00:00
Conservação,mapeamento digital identifica areas prioritarias para corredores de fauna,Neutra,2.5,3.0,94.5,2025-05-05 00:00:00
Mudanças Climáticas,projecoes indicam alteracoes sazonais nas chuvas em regioes semiaridas,Neutra,3.0,3.4,93.6,2025-05-05 00:00:00
Restauração Ecológica,pesquisa avalia taxas de regeneracao natural em areas de reserva legal,Neutra,3.2,2.9,93.9,2025-05-05 00:00:00
Biodiversidade,novo banco de dados catalogara especies ameacadas por bioma,Neutra,2.8,3.1,94.1,2025-05-05 00:00:00
Poluição,monitoramento mostra variacao mensal dos indices de poluicao sonora em areas urbanas,Neutra,2.9,3.6,93.5,2025-05-05 00:00:00
Tecnologia Ambiental,estudo testa sensores ambientais de baixo custo em comunidades perifericas,Neutra,3.6,3.2,93.2,2025-05-05 00:00:00
Outros,avaliacao de ciclo de vida de produtos busca alternativas com menor impacto ambiental,Neutra,3.3,3.0,93.7,2025-05-05 00:00:00
Políticas Públicas,relatorio tecnico apresenta avancos em programas de educacao ambiental escolar,Neutra,3.0,3.5,93.5,2025-05-05 00:00:00
Conservação,registro fotografico de armadilhas automatizadas auxilia estudo de especies noturnas,Neutra,2.6,3.3,94.1,2025-05-05 00:00:00
Restauração Ecológica,pesquisadores analisam sucesso de reflorestamento em encostas degradadas,Neutra,2.9,3.1,94.0,2025-05-05 00:00:00
Biodiversidade,mapeamento genetico de arvores nativas contribui para conservacao da diversidade,Neutra,3.1,2.8,94.1,2025-05-05 00:00:00
Mudanças Climáticas,painel cientifico debate possiveis impactos do el niño nos proximos meses,Neutra,3.4,3.2,93.4,2025-05-05 00:00:00
Tecnologia Ambiental,dispositivo portatil e testado para analise de qualidade do ar em tempo real,Neutra,3.8,3.0,93.2,2025-05-05 00:00:00
Outros,cidades realizam inventario de gases de efeito estufa como parte de programa global,Neutra,2.7,3.4,93.9,2025-05-05 00:00:00
Poluição,grafico mostra evolucao dos indices de material particulado nas capitais,Neutra,3.2,3.1,93.7,2025-05-05 00:00:00
Conservação,observatorio ambiental publica dados mensais de fauna capturados por sensores automaticos,Neutra,2.6,3.0,94.4,2025-05-05 00:00:00
Restauração Ecológica,relatorio de campo apresenta levantamento de mudas nativas plantadas em 2024,Neutra,3.0,2.9,94.1,2025-05-05 00:00:00
Restauração Ecológica,projeto de reflorestamento no cerrado planta mais de 1 milhao de mudas nativas,Positiva,2.5,94.7,2.8,2025-05-05 00:00:00
Conservação,area de protecao ambiental no pantanal e ampliada em 150 mil hectares,Positiva,3.1,92.8,4.1,2025-05-05 00:00:00
Tecnologia Ambiental,startup desenvolve sensor que detecta poluentes em tempo real com alta precisao,Positiva,2.9,93.5,3.6,2025-05-05 00:00:00
Políticas Públicas,nova lei obriga empresas a compensar emissoes de carbono com reflorestamento,Positiva,3.5,91.2,5.3,2025-05-05 00:00:00
Mudanças Climáticas,cidade reduz emissoes em 40 apos implementacao de politicas de mobilidade sustentavel,Positiva,2.4,94.8,2.8,2025-05-05 00:00:00
Biodiversidade,programa de protecao ajuda a recuperar populacao de tamanduasbandeira,Positiva,3.0,92.5,4.5,2025-05-05 00:00:00
Outros,campanha nacional de educacao ambiental atinge 2 milhoes de estudantes,Positiva,2.1,95.3,2.6,2025-05-05 00:00:00
Restauração Ecológica,voluntarios plantam 500 mil arvores em areas degradadas da amazonia,Positiva,3.3,93.0,3.7,2025-05-05 00:00:00
Poluição,cidade adota politica de residuos zero com resultados promissores em seis meses,Positiva,2.6,94.2,3.2,2025-05-05 00:00:00
Tecnologia Ambiental,drones auxiliam na regeneracao de florestas lancando sementes em areas remotas,Positiva,2.7,94.1,3.2,2025-05-05 00:00:00
Conservação,comunidade indigena fortalece protecao de seu territorio com apoio de ongs ambientais,Positiva,3.4,91.9,4.7,2025-05-05 00:00:00
Mudanças Climáticas,iniciativa de reflorestamento urbano reduz temperatura media em 1 5 graus,Positiva,2.9,93.7,3.4,2025-05-05 00:00:00
Políticas Públicas,governo aprova criacao de novo parque nacional com mais de 200 mil hectares,Positiva,3.1,92.6,4.3,2025-05-05 00:00:00
Tecnologia Ambiental,plataforma digital conecta agricultores a tecnicas sustentaveis de cultivo,Positiva,3.0,93.1,3.9,2025-05-05 00:00:00
Biodiversidade,pesquisa identifica novas especies de orquideas em regiao preservada da mata atlantica,Positiva,2.8,94.3,2.9,2025-05-05 00:00:00
Restauração Ecológica,ong restaura areas de manguezais e devolve biodiversidade ao ecossistema,Positiva,2.2,95.6,2.2,2025-05-05 00:00:00
Outros,festival ambiental reune iniciativas de sustentabilidade e cultura em cinco capitais,Positiva,3.3,91.7,5.0,2025-05-05 00:00:00
Poluição,projeto de limpeza retira 10 toneladas de lixo de rios em area urbana,Positiva,3.5,92.1,4.4,2025-05-05 00:00:00
Tecnologia Ambiental,cientistas desenvolvem bioplastico 100 biodegradavel com residuos vegetais,Positiva,2.6,94.8,2.6,2025-05-05 00:00:00
Conservação,parque estadual registra aumento de 25 na presenca de especies ameacadas,Positiva,3.2,92.5,4.3,2025-05-05 00:00:00
Mudanças Climáticas,paineis solares em escolas reduzem gastos e emissoes de carbono,Positiva,2.4,95.1,2.5,2025-05-05 00:00:00
Políticas Públicas,municipio adota coleta seletiva em 100 dos bairros com impacto positivo,Positiva,3.0,93.2,3.8,2025-05-05 00:00:00
Biodiversidade,programa de protecao a abelhas silvestres aumenta producao agricola local,Positiva,2.7,94.4,2.9,2025-05-05 00:00:00
Outros,feira ambiental promove conscientizacao sobre consumo responsavel,Positiva,3.4,92.0,4.6,2025-05-05 00:00:00
Restauração Ecológica,revegetacao de areas de mineracao atrai fauna e flora nativas,Positiva,2.5,94.6,2.9,2025-05-05 00:00:00
Poluição,empresa desenvolve sistema de filtragem de ar que reduz material particulado em ate 80,Positiva,2.3,95.4,2.3,2025-05-05 00:00:00
Tecnologia Ambiental,cientistas criam telha solar reciclavel e de baixo custo,Positiva,2.9,93.7,3.4,2025-05-05 00:00:00
Conservação,unidade de conservacao registra crescimento de 40 na visitacao e apoio local,Positiva,3.1,92.9,4.0,2025-05-05 00:00:00
Mudanças Climáticas,projeto piloto reduz uso de combustiveis fosseis no transporte publico,Positiva,3.2,93.0,3.8,2025-05-05 00:00:00
Políticas Públicas,programa de incentivo a agricultura organica beneficia 30 mil familias,Positiva,3.0,93.4,3.6,2025-05-05 00:00:00
Biodiversidade,reintroducao de oncaspintadas em area preservada e considerada um sucesso,Positiva,2.6,94.5,2.9,2025-05-05 00:00:00
Outros,educacao ambiental e incluida como disciplina obrigatoria em escolas estaduais,Positiva,2.8,94.2,3.0,2025-05-05 00:00:00
Restauração Ecológica,cidade transforma antigo lixao em parque ecologico com vegetacao nativa,Positiva,2.9,93.9,3.2,2025-05-05 00:00:00
Poluição,empresa de cosmeticos adota embalagens compostaveis em toda linha de produtos,Positiva,2.7,94.1,3.2,2025-05-05 00:00:00
Tecnologia Ambiental,tecnologia de captacao de agua da umidade do ar comeca a ser implantada no semiarido,Positiva,3.0,93.5,3.5,2025-05-05 00:00:00
Conservação,governo lanca programa de preservacao de nascentes com participacao comunitaria,Positiva,3.3,92.7,4.0,2025-05-05 00:00:00
Mudanças Climáticas,cidade atinge meta de neutralidade de carbono antes do previsto,Positiva,2.4,95.2,2.4,2025-05-05 00:00:00
Políticas Públicas,nova politica de incentivo a energia limpa aumenta producao solar em 60,Positiva,3.1,93.1,3.8,2025-05-05 00:00:00
Biodiversidade,pesquisadores registram retorno de aves raras em regiao recuperada,Positiva,2.6,94.9,2.5,2025-05-05 00:00:00
Outros,eventos ambientais locais ganham forca e atraem jovens para projetos sustentaveis,Positiva,3.5,91.8,4.7,2025-05-05 00:00:00
Restauração Ecológica,restauracao florestal em encostas reduz risco de deslizamentos e melhora solo,Positiva,2.5,94.7,2.8,2025-05-05 00:00:00
Poluição,empresas recebem selo verde por reducao de emissoes e praticas limpas,Positiva,2.8,94.0,3.2,2025-05-05 00:00:00
Tecnologia Ambiental,nova tecnologia permite reciclagem de residuos eletronicos com baixo custo,Positiva,2.9,93.8,3.3,2025-05-05 00:00:00
Conservação,comunidades tradicionais se unem para proteger fauna e flora locais,Positiva,3.2,92.6,4.2,2025-05-05 00:00:00
Mudanças Climáticas,cooperacao internacional apoia cidades brasileiras com financiamento verde,Positiva,2.6,94.3,3.1,2025-05-05 00:00:00
Políticas Públicas,instituicoes publicas passam a exigir criterios de sustentabilidade em licitacoes,Positiva,2.7,94.1,3.2,2025-05-05 00:00:00
Biodiversidade,reflorestamento favorece retorno de especies polinizadoras em area agricola,Positiva,2.8,94.4,2.8,2025-05-05 00:00:00
Outros,feiras de troca incentivam reaproveitamento e reduzem geracao de lixo,Positiva,3.0,93.7,3.3,2025-05-05 00:00:00
Restauração Ecológica,cooperativa restaura matas ciliares com participacao de agricultores locais,Positiva,3.1,93.7,3.2,2025-05-05 00:00:00
Conservação,numero de especies ameacadas diminui apos acoes de protecao em reserva biologica,Positiva,2.9,94.1,3.0,2025-05-05 00:00:00
Tecnologia Ambiental,sensor inteligente monitora qualidade do ar e informa populacao em tempo real,Positiva,2.5,95.0,2.5,2025-05-05 00:00:00
Políticas Públicas,cidade aprova lei de incentivo fiscal para empresas sustentaveis,Positiva,3.2,92.5,4.3,2025-05-05 00:00:00
Biodiversidade,ong promove reintroducao de animais silvestres em habitat natural,Positiva,3.0,93.8,3.2,2025-05-05 00:00:00
Outros,comunidade implanta sistema de compostagem domestica e reduz lixo organico em 80,Positiva,2.7,94.6,2.7,2025-05-05 00:00:00
Poluição,escola cria programa de reciclagem premiando alunos engajados,Positiva,2.3,95.2,2.5,2025-05-05 00:00:00
Mudanças Climáticas,pequenas cidades adotam paineis solares e reduzem custos de energia,Positiva,2.6,94.3,3.1,2025-05-05 00:00:00
Tecnologia Ambiental,startup lanca aplicativo que calcula pegada ecologica do usuario,Positiva,2.8,93.5,3.7,2025-05-05 00:00:00
Restauração Ecológica,revegetacao de encostas previne deslizamentos e recupera solo,Positiva,3.3,92.9,3.8,2025-05-05 00:00:00
Conservação,reserva marinha registra crescimento de 30 nas populacoes de peixes nativos,Positiva,2.4,94.8,2.8,2025-05-05 00:00:00
Biodiversidade,prefeitura inicia programa de protecao a especies polinizadoras urbanas,Positiva,2.9,93.9,3.2,2025-05-05 00:00:00
Políticas Públicas,estado cria fundo ambiental para financiar projetos de reflorestamento,Positiva,3.1,93.1,3.8,2025-05-05 00:00:00
Outros,evento cultural promove arte e sustentabilidade em parceria com artistas locais,Positiva,3.0,93.4,3.6,2025-05-05 00:00:00
Poluição,campanha retira milhares de pneus descartados irregularmente em terrenos baldios,Positiva,2.6,94.2,3.2,2025-05-05 00:00:00
Tecnologia Ambiental,nova tecnologia reduz consumo de agua em industrias em ate 50,Positiva,3.0,93.7,3.3,2025-05-05 00:00:00
Conservação,cientistas descobrem novos ninhos de tartarugas em area protegida,Positiva,2.8,94.4,2.8,2025-05-05 00:00:00
Mudanças Climáticas,condominios adotam medidas verdes e neutralizam parte de suas emissoes,Positiva,3.2,92.7,4.1,2025-05-05 00:00:00
Restauração Ecológica,cidade planta 200 mil arvores como parte de plano diretor verde,Positiva,2.5,95.0,2.5,2025-05-05 00:00:00
Biodiversidade,parceria entre zoologico e universidade estuda soltura controlada de aves,Positiva,2.9,93.6,3.5,2025-05-05 00:00:00
Mudanças Climáticas,conferencia discute estrategias de adaptacao climatica para cidades costeiras,Neutra,23.7,15.2,61.1,2025-05-05 00:00:00
Restauração Ecológica,universidade realiza estudo comparativo entre especies nativas e exoticas em reflorestamento,Neutra,21.9,17.0,61.1,2025-05-05 00:00:00
Outros,debate publico e realizado sobre impactos ambientais de grandes obras de infraestrutura,Neutra,24.1,14.9,61.0,2025-05-05 00:00:00
Tecnologia Ambiental,prototipo de drone para reflorestamento automatizado e apresentado em feira,Neutra,22.5,17.3,60.2,2025-05-05 00:00:00
Conservação,atlas digital reune dados historicos de cobertura vegetal em areas protegidas,Neutra,23.4,16.0,60.6,2025-05-05 00:00:00
Poluição,estudo geologico mapeia contaminacao por metais pesados em rios da regiao norte,Neutra,25.2,13.8,61.0,2025-05-05 00:00:00
Biodiversidade,censo de especies vegetais e iniciado em parque nacional no sul do pais,Neutra,20.8,18.1,61.1,2025-05-05 00:00:00
Conservação,numero de oncas pintadas em reserva ambiental aumenta em 35 nos ultimos tres anos,Positiva,10.2,75.3,14.5,2025-05-06 00:00:00
Tecnologia Ambiental,sensor inteligente reduz em 40 o consumo de agua na irrigacao de plantacoes,Positiva,11.4,72.1,16.5,2025-05-06 00:00:00
Restauração Ecológica,mutirao em comunidade rural planta mais de cinco mil arvores nativas em um final de semana,Positiva,9.3,77.0,13.7,2025-05-06 00:00:00
Políticas Públicas,municipio aprova lei que obriga reflorestamento de margens de rios urbanos,Positiva,12.5,70.0,17.5,2025-05-06 00:00:00
Biodiversidade,programa de educacao ambiental resulta na preservacao de 80 especies nativas de aves,Positiva,10.0,73.3,16.7,2025-05-06 00:00:00
Conservação,area desmatada na amazonia reduz 20 em comparacao ao mesmo periodo do ano passado,Positiva,15.0,69.8,15.2,2025-05-06 00:00:00
Outros,comunidade quilombola adota tecnicas sustentaveis de cultivo e reduz impacto ambiental,Positiva,12.1,71.4,16.5,2025-05-06 00:00:00
Mudanças Climáticas,cidade instala 1500 m2 de telhados verdes para combater ilhas de calor,Positiva,14.7,68.2,17.1,2025-05-06 00:00:00
Restauração Ecológica,reflorestamento em encostas previne erosao e recupera nascentes,Positiva,10.9,75.0,14.1,2025-05-06 00:00:00
Tecnologia Ambiental,empresa desenvolve bioplastico 100 biodegradavel com base em algas marinhas,Positiva,13.3,72.5,14.2,2025-05-06 00:00:00
Políticas Públicas,governo estadual amplia incentivos para agricultores que usam energia solar,Positiva,9.7,76.8,13.5,2025-05-06 00:00:00
Conservação,pesquisadores identificam area com alta regeneracao natural da mata atlantica,Positiva,11.8,70.6,17.6,2025-05-06 00:00:00
Biodiversidade,centro de reabilitacao devolve a natureza 120 animais silvestres em seis meses,Positiva,12.4,71.9,15.7,2025-05-06 00:00:00
Outros,escolas publicas iniciam projetos de compostagem com apoio de universidades,Positiva,13.1,69.3,17.6,2025-05-06 00:00:00
Tecnologia Ambiental,app ajuda populacao a localizar pontos de coleta seletiva com maior facilidade,Positiva,14.0,68.7,17.3,2025-05-06 00:00:00
Políticas Públicas,cidade alcanca 90 de cobertura de coleta seletiva com nova cooperativa,Positiva,11.1,73.0,15.9,2025-05-06 00:00:00
Restauração Ecológica,nascentes recuperadas com mudas nativas abastecem comunidades com agua potavel,Positiva,12.8,71.6,15.6,2025-05-06 00:00:00
Conservação,programa de adocao de arvores envolve mais de cinco mil familias no semiarido,Positiva,10.5,74.0,15.5,2025-05-06 00:00:00
Biodiversidade,campanha nacional reduz comercio ilegal de animais em 40,Positiva,13.2,70.4,16.4,2025-05-06 00:00:00
Tecnologia Ambiental,equipamento nacional transforma residuos organicos em energia limpa,Positiva,11.7,72.8,15.5,2025-05-06 00:00:00
Desmatamento,queimadas em regioes de floresta amazonica aumentam 30 no ultimo mes,Negativa,73.5,12.0,14.5,2025-05-06 00:00:00
Poluição,industria e multada por despejo de residuos toxicos em rio de area urbana,Negativa,76.4,10.2,13.4,2025-05-06 00:00:00
Conservação,reserva ambiental sofre invasoes ilegais para extracao de madeira,Negativa,71.2,13.7,15.1,2025-05-06 00:00:00
Outros,aterro irregular atinge area de protecao ambiental e contamina lencol freatico,Negativa,74.6,11.0,14.4,2025-05-06 00:00:00
Biodiversidade,desmatamento provoca extincao local de especie rara de orquidea,Negativa,72.1,12.5,15.4,2025-05-06 00:00:00
Mudanças Climáticas,aumento de temperaturas acelera derretimento de geleiras na serra catarinense,Negativa,70.9,14.1,15.0,2025-05-06 00:00:00
Políticas Públicas,estado suspende investimentos em energias renovaveis por tempo indeterminado,Negativa,68.7,16.3,15.0,2025-05-06 00:00:00
Tecnologia Ambiental,falha em barragem de mineradora causa vazamento em area agricola,Negativa,75.0,11.8,13.2,2025-05-06 00:00:00
Poluição,poluicao atmosferica em cidade industrial ultrapassa limites por quatro dias seguidos,Negativa,77.2,10.5,12.3,2025-05-06 00:00:00
Desmatamento,corte ilegal de madeira avanca sobre territorio indigena na regiao norte,Negativa,73.8,12.7,13.5,2025-05-06 00:00:00
Restauração Ecológica,projeto de reflorestamento e interrompido por falta de verbas,Negativa,71.5,14.2,14.3,2025-05-06 00:00:00
Biodiversidade,populacao de abelhas cai drasticamente em regioes de monocultura,Negativa,72.0,13.6,14.4,2025-05-06 00:00:00
Outros,descarga de esgoto sem tratamento ameaca vida aquatica em lago urbano,Negativa,75.1,10.9,14.0,2025-05-06 00:00:00
Conservação,fragmentacao de habitat compromete migracao de especies em reserva natural,Negativa,69.5,15.0,15.5,2025-05-06 00:00:00
Políticas Públicas,retirada de fiscalizacao ambiental aumenta ocorrencias de crimes ecologicos,Negativa,74.3,11.3,14.4,2025-05-06 00:00:00
Mudanças Climáticas,recorde de seca prejudica colheita e afeta reservas hidricas em varias regioes,Negativa,76.0,10.0,14.0,2025-05-06 00:00:00
Poluição,indice de contaminacao por metais pesados em solo urbano dobra em cinco anos,Negativa,70.6,14.7,14.7,2025-05-06 00:00:00
Desmatamento,nova estrada estimula avancos ilegais sobre floresta protegida,Negativa,73.9,11.8,14.3,2025-05-06 00:00:00
Tecnologia Ambiental,uso excessivo de drones assusta fauna em unidades de conservacao,Negativa,69.3,14.8,15.9,2025-05-06 00:00:00
Outros,exploracao de carvao reabre cicatrizes ambientais em regiao historica,Negativa,71.0,13.9,15.1,2025-05-06 00:00:00
Outros,seminario discute alternativas sustentaveis para transporte urbano,Neutra,14.3,17.6,68.1,2025-05-06 00:00:00
Mudanças Climáticas,relatorio da onu aponta tendencias globais para emissao de gases estufa,Neutra,15.2,16.7,68.1,2025-05-06 00:00:00
Conservação,avaliacao anual das reservas ambientais revela manutencao de biodiversidade,Neutra,13.7,18.5,67.8,2025-05-06 00:00:00
Tecnologia Ambiental,nova ferramenta digital ajuda na coleta de dados sobre qualidade do ar,Neutra,16.2,17.0,66.8,2025-05-06 00:00:00
Políticas Públicas,governo abre consulta publica sobre politica nacional de residuos solidos,Neutra,14.8,15.9,69.3,2025-05-06 00:00:00
Poluição,pesquisa aponta estabilidade nos niveis de poluentes em bacias hidrograficas,Neutra,15.5,14.6,69.9,2025-05-06 00:00:00
Outros,evento de arquitetura verde reune profissionais de diversos paises,Neutra,13.6,17.4,69.0,2025-05-06 00:00:00
Biodiversidade,levantamento de fauna em unidade de conservacao nao apresenta mudancas significativas,Neutra,12.9,18.1,69.0,2025-05-06 00:00:00
Restauração Ecológica,monitoramento de reflorestamento indica progresso constante,Neutra,13.8,16.3,69.9,2025-05-06 00:00:00
Tecnologia Ambiental,uso de sensores em plantacoes comeca a ser testado em pequena escala,Neutra,14.6,15.0,70.4,2025-05-06 00:00:00
Desmatamento,dados do satelite mostram reducao discreta mas consistente de desmatamento,Neutra,13.9,16.7,69.4,2025-05-06 00:00:00
Políticas Públicas,reuniao tecnica avalia andamento de politicas ambientais em estados do sudeste,Neutra,15.1,17.2,67.7,2025-05-06 00:00:00
Outros,centro de pesquisa promove ciclo de debates sobre sustentabilidade,Neutra,14.0,15.4,70.6,2025-05-06 00:00:00
Conservação,tecnicos fazem avaliacao bimestral da cobertura vegetal em parque nacional,Neutra,13.5,16.5,70.0,2025-05-06 00:00:00
Biodiversidade,cientistas analisam variacoes de comportamento em especies isoladas,Neutra,15.3,14.7,70.0,2025-05-06 00:00:00
Mudanças Climáticas,painel tecnico debate impactos do clima na agricultura familiar,Neutra,14.7,15.3,70.0,2025-05-06 00:00:00
Poluição,relatorio anual de qualidade do ar e divulgado por universidade federal,Neutra,13.8,16.2,70.0,2025-05-06 00:00:00
Tecnologia Ambiental,plataforma de dados ambientais entra em fase de testes em laboratorio,Neutra,15.4,14.6,70.0,2025-05-06 00:00:00
Restauração Ecológica,estudo mapeia especies mais comuns em projetos de recuperacao florestal,Neutra,12.5,17.5,70.0,2025-05-06 00:00:00
Outros,grupo de estudo publica artigo sobre desenvolvimento urbano e sustentabilidade,Neutra,14.2,15.8,70.0,2025-05-06 00:00:00
Poluição,poluicao atmosferica em grandes centros urbanos recua 10 com medidas de restricao a veiculos,Positiva,18.0,65.0,17.0,2025-05-06 00:00:00
Queimadas,numero de focos de incendio no pantanal cresce em ritmo alarmante,Negativa,81.2,10.3,8.5,2025-05-06 00:00:00
Restauração Ecológica,projeto de reflorestamento planta mais de 2 milhoes de arvores nativas na mata atlantica,Positiva,7.8,80.2,12.0,2025-05-06 00:00:00
Mudanças Climáticas,ondas de calor atingem cidades do sudeste com temperaturas recordes em abril,Negativa,76.4,11.0,12.6,2025-05-06 00:00:00
Conservação,programa de preservacao garante protecao a 40 novas especies em risco,Positiva,9.1,77.3,13.6,2025-05-06 00:00:00
Biodiversidade,pesquisadores descobrem nova especie de anfibio na floresta amazonica,Positiva,6.5,83.0,10.5,2025-05-06 00:00:00
Políticas Públicas,governo anuncia novo plano nacional de energia limpa para 2030,Positiva,13.0,70.0,17.0,2025-05-06 00:00:00
Outros,estudo aponta aumento da consciencia ambiental entre jovens brasileiros,Positiva,10.5,73.5,16.0,2025-05-06 00:00:00
Tecnologia Ambiental,sensor brasileiro detecta gases poluentes em tempo real com alta precisao,Positiva,12.0,75.0,13.0,2025-05-06 00:00:00
Desmatamento,relatorio mostra que desmatamento no cerrado avanca sobre areas de protecao,Negativa,69.5,14.0,16.5,2025-05-06 00:00:00
Tecnologia Ambiental,empresa desenvolve painel solar que funciona em dias nublados,Positiva,10.2,78.6,11.2,2025-05-06 00:00:00
Desmatamento,relatorio mostra avanco do desmatamento em terras indigenas,Negativa,82.0,9.5,8.5,2025-05-06 00:00:00
Conservação,criacao de nova reserva ambiental protege centenas de especies nativas,Positiva,8.3,81.0,10.7,2025-05-06 00:00:00
Mudanças Climáticas,evento internacional discute impacto das mudancas climaticas nos oceanos,Neutra,21.0,22.0,57.0,2025-05-06 00:00:00
Poluição,descarte irregular de lixo aumenta em areas urbanas durante a pandemia,Negativa,74.5,12.0,13.5,2025-05-06 00:00:00
Restauração Ecológica,mutirao de voluntarios recupera area degradada com plantio de especies nativas,Positiva,9.1,76.5,14.4,2025-05-06 00:00:00
Biodiversidade,biologistas observam queda populacional de especies de abelhas na regiao sul,Negativa,71.0,15.0,14.0,2025-05-06 00:00:00
Outros,estudantes desenvolvem aplicativo educativo sobre sustentabilidade,Positiva,7.0,79.0,14.0,2025-05-06 00:00:00
Queimadas,focos de incendio atingem unidades de conservacao na regiao norte,Negativa,85.0,6.2,8.8,2025-05-06 00:00:00
Políticas Públicas,congresso aprova projeto de lei que amplia areas de preservacao,Positiva,12.5,70.0,17.5,2025-05-06 00:00:00
Tecnologia Ambiental,pesquisa desenvolve sistema de irrigacao que economiza ate 40 por cento de agua,Positiva,11.0,74.5,14.5,2025-05-06 00:00:00
Desmatamento,avanco da agropecuaria impulsiona perdas florestais no cerrado,Negativa,78.3,10.0,11.7,2025-05-06 00:00:00
Poluição,nivel de poluentes em rios apresenta estabilidade segundo novo estudo,Neutra,18.0,17.5,64.5,2025-05-06 00:00:00
Mudanças Climáticas,aquecimento global acelera degelo em regioes polares,Negativa,81.0,8.0,11.0,2025-05-06 00:00:00
Restauração Ecológica,parceria entre ongs e governo recupera zona de mata ciliar,Positiva,10.8,73.2,16.0,2025-05-06 00:00:00
Outros,pesquisa revela que maioria da populacao considera meio ambiente prioridade,Neutra,14.0,18.0,68.0,2025-05-06 00:00:00
Conservação,planos de manejo garantem equilibrio em parques nacionais,Neutra,16.0,20.0,64.0,2025-05-06 00:00:00
Biodiversidade,cientistas identificam nova especie de peixe em rio amazonico,Positiva,6.5,82.0,11.5,2025-05-06 00:00:00
Políticas Públicas,falta de fiscalizacao agrava crimes ambientais em reservas,Negativa,76.0,9.0,15.0,2025-05-06 00:00:00
Queimadas,zona rural registra aumento de queimadas nao controladas,Negativa,79.9,8.1,12.0,2025-05-06 00:00:00
Tecnologia Ambiental,sistema inteligente controla consumo energetico em edificacoes,Neutra,15.0,22.0,63.0,2025-05-06 00:00:00
Mudanças Climáticas,comunidades costeiras se adaptam a elevacao do nivel do mar,Neutra,17.5,19.0,63.5,2025-05-06 00:00:00
Restauração Ecológica,reflorestamento urbano melhora qualidade do ar em cidade do interior,Positiva,8.9,75.0,16.1,2025-05-06 00:00:00
Biodiversidade,extincao local de especie de ave afeta cadeia alimentar da floresta,Negativa,72.6,13.4,14.0,2025-05-06 00:00:00
Poluição,implantacao de ecopontos reduz acumulo de residuos solidos,Neutra,13.5,23.0,63.5,2025-05-06 00:00:00
Políticas Públicas,medidas ambientais sao debatidas em forum global de sustentabilidade,Neutra,12.0,19.0,69.0,2025-05-06 00:00:00
Outros,professores usam jogos digitais para ensinar educacao ambiental,Positiva,9.0,74.0,17.0,2025-05-06 00:00:00
Desmatamento,desmate ilegal avanca sobre areas de preservacao permanente,Negativa,80.5,7.5,12.0,2025-05-06 00:00:00
Conservação,projetos de protecao marinha mantem biodiversidade em equilibrio,Neutra,13.0,24.0,63.0,2025-05-06 00:00:00
Queimadas,fumaca de queimadas prejudica qualidade do ar em capitais do centro oeste,Negativa,83.3,6.0,10.7,2025-05-06 00:00:00
Tecnologia Ambiental,equipe nacional lanca dispositivo que converte umidade do ar em agua potavel,Positiva,10.5,77.8,11.7,2025-05-06 00:00:00
Desmatamento,investigacoes revelam aumento de desmate em regioes protegidas da amazonia,Negativa,84.0,7.0,9.0,2025-05-06 00:00:00
Conservação,reserva natural registra nascimento de especies ameacadas de extincao,Positiva,8.0,79.0,13.0,2025-05-06 00:00:00
Mudanças Climáticas,aumento do nivel do mar ameaca comunidades costeiras no nordeste,Negativa,77.2,11.0,11.8,2025-05-06 00:00:00
Poluição,relatorio aponta que emissoes de gases industriais continuam altas,Negativa,73.5,12.0,14.5,2025-05-06 00:00:00
Restauração Ecológica,grupo comunitario recupera nascente com apoio de projeto ambiental,Positiva,9.7,76.2,14.1,2025-05-06 00:00:00
Biodiversidade,especie rara de orquidea reaparece apos duas decadas de desaparecimento,Positiva,6.2,81.6,12.2,2025-05-06 00:00:00
Outros,estudo mostra que consumo consciente cresce entre consumidores jovens,Neutra,13.0,19.5,67.5,2025-05-06 00:00:00
Queimadas,analises indicam alta nos focos de fogo em regioes de mata seca,Negativa,80.1,9.0,10.9,2025-05-06 00:00:00
Políticas Públicas,nova lei promete incentivar energias renovaveis em municipios pequenos,Positiva,11.8,73.5,14.7,2025-05-06 00:00:00
Tecnologia Ambiental,iniciativa instala sensores para monitorar qualidade do ar em tempo real,Positiva,10.0,75.4,14.6,2025-05-06 00:00:00
Desmatamento,relatorio internacional alerta para avanco rapido do desmatamento na fronteira agricola,Negativa,82.3,9.1,8.6,2025-05-06 00:00:00
Poluição,niveis de ruido urbano permanecem constantes segundo estudo nacional,Neutra,15.0,18.0,67.0,2025-05-06 00:00:00
Mudanças Climáticas,cientistas alertam para efeitos do clima extremo sobre a agricultura,Negativa,75.0,13.0,12.0,2025-05-06 00:00:00
Restauração Ecológica,replantio de arvores aumenta cobertura vegetal em regiao desmatada,Positiva,9.9,78.1,12.0,2025-05-06 00:00:00
Outros,populacao demonstra maior interesse em reciclagem em pesquisa recente,Neutra,12.5,21.5,66.0,2025-05-06 00:00:00
Conservação,parques nacionais registram aumento de visitantes conscientes,Positiva,10.1,74.2,15.7,2025-05-06 00:00:00
Biodiversidade,desaparecimento de insetos polinizadores preocupa agricultores,Negativa,70.0,15.0,15.0,2025-05-06 00:00:00
Políticas Públicas,corte de verbas para fiscalizacao ambiental gera protestos,Negativa,78.9,8.1,13.0,2025-05-06 00:00:00
Queimadas,registros de queimadas ilegais sobem mesmo com alertas de risco,Negativa,81.7,6.5,11.8,2025-05-06 00:00:00
Tecnologia Ambiental,universidade cria telhado verde com baixo custo para zonas urbanas,Positiva,8.5,79.5,12.0,2025-05-06 00:00:00
Mudanças Climáticas,governos debatem politicas climaticas em cupula global,Neutra,14.0,21.0,65.0,2025-05-06 00:00:00
Restauração Ecológica,iniciativas de reflorestamento urbano sao ampliadas em capitais,Positiva,10.3,76.7,13.0,2025-05-06 00:00:00
Biodiversidade,monitoramento aponta estabilidade em populacoes de animais silvestres,Neutra,17.0,20.0,63.0,2025-05-06 00:00:00
Poluição,cidades costeiras lidam com aumento de residuos solidos nas praias,Negativa,74.6,11.3,14.1,2025-05-06 00:00:00
Outros,cooperativas sustentaveis ganham destaque em feiras regionais,Positiva,9.3,74.8,15.9,2025-05-06 00:00:00
Conservação,preservacao de manguezais e tema de nova campanha educativa,Neutra,16.5,18.0,65.5,2025-05-06 00:00:00
Desmatamento,imagens de satelite mostram perda expressiva de vegetacao nativa,Negativa,83.1,7.2,9.7,2025-05-06 00:00:00
Queimadas,estado decreta emergencia ambiental devido ao aumento de queimadas,Negativa,85.0,5.0,10.0,2025-05-06 00:00:00
Políticas Públicas,municipios implementam politicas verdes com foco em educacao ambiental,Neutra,13.0,20.5,66.5,2025-05-06 00:00:00
Tecnologia Ambiental,novo sistema solar inteligente reduz em 40 o consumo de energia residencial,Positiva,8.4,80.2,11.4,2025-05-06 00:00:00
Poluição,industria textil e apontada como uma das maiores poluidoras de rios em estudo recente,Negativa,79.5,9.1,11.4,2025-05-06 00:00:00
Conservação,projeto comunitario protege corais ameacados no litoral brasileiro,Positiva,9.0,77.0,14.0,2025-05-06 00:00:00
Queimadas,relatorio mostra aumento de queimadas proximo a areas de preservacao permanente,Negativa,83.0,8.0,9.0,2025-05-06 00:00:00
Outros,estudo indica crescimento no uso de embalagens biodegradaveis no comercio,Neutra,15.0,18.5,66.5,2025-05-06 00:00:00
Mudanças Climáticas,temperaturas extremas afetam saude publica em capitais do sudeste,Negativa,74.2,11.8,14.0,2025-05-06 00:00:00
Restauração Ecológica,mutirao planta mais de mil mudas nativas em regiao degradada,Positiva,7.5,79.5,13.0,2025-05-06 00:00:00
Políticas Públicas,cidades pequenas recebem recursos para modernizar coleta seletiva,Positiva,10.0,74.0,16.0,2025-05-06 00:00:00
Desmatamento,area devastada equivale a mais de mil campos de futebol em apenas um mes,Negativa,86.0,6.5,7.5,2025-05-06 00:00:00
Biodiversidade,monitoramento indica estabilidade nas populacoes de aves em reserva nacional,Neutra,14.0,20.0,66.0,2025-05-06 00:00:00
Tecnologia Ambiental,startup cria sistema para reaproveitamento de agua da chuva em condominios,Positiva,9.2,75.6,15.2,2025-05-06 00:00:00
Poluição,poluicao luminosa afeta ciclos naturais de insetos noturnos segundo pesquisa,Negativa,72.4,13.3,14.3,2025-05-06 00:00:00
Restauração Ecológica,campanha de recuperacao florestal avanca com apoio de voluntarios,Positiva,11.1,77.0,11.9,2025-05-06 00:00:00
Outros,consumo de carne vegetal cresce nos principais centros urbanos,Neutra,13.3,22.5,64.2,2025-05-06 00:00:00
Conservação,espaco protegido reintroduz especies nativas extintas localmente,Positiva,10.5,78.8,10.7,2025-05-06 00:00:00
Queimadas,focos de incendio destroem grande area de cerrado no centro oeste,Negativa,82.5,8.2,9.3,2025-05-06 00:00:00
Mudanças Climáticas,alagamentos aumentam em regioes urbanas devido a chuvas intensas,Negativa,75.3,12.0,12.7,2025-05-06 00:00:00
Biodiversidade,nova especie de anfibio e descoberta em regiao de mata preservada,Positiva,8.7,81.0,10.3,2025-05-06 00:00:00
Políticas Públicas,governo estadual aprova incentivo fiscal para energia solar,Positiva,9.0,76.5,14.5,2025-05-06 00:00:00
Desmatamento,derrubada ilegal de floresta ocorre em terras indigenas sem fiscalizacao,Negativa,84.4,5.1,10.5,2025-05-06 00:00:00
Tecnologia Ambiental,empresa desenvolve tinta que reduz temperatura de superficies expostas ao sol,Positiva,7.8,80.1,12.1,2025-05-06 00:00:00
Outros,pesquisa revela que maioria dos brasileiros apoia causas ambientais,Neutra,12.0,19.0,69.0,2025-05-06 00:00:00
Poluição,contaminacao por metais pesados preocupa populacao de cidade do interior,Negativa,76.9,10.1,13.0,2025-05-06 00:00:00
Conservação,preservacao de rios urbanos e tema de projeto escolar em expansao,Neutra,13.2,17.0,69.8,2025-05-06 00:00:00
Restauração Ecológica,areas de mata ciliar sao restauradas com especies nativas,Positiva,10.2,77.3,12.5,2025-05-06 00:00:00
Mudanças Climáticas,fenomeno climatico severo afeta colheitas em diversas regioes do pais,Negativa,79.0,10.0,11.0,2025-05-06 00:00:00
Biodiversidade,populacoes de mamiferos silvestres mantem estabilidade em parque nacional,Neutra,14.5,19.5,66.0,2025-05-06 00:00:00
Queimadas,numero de focos de calor atinge maior nivel em cinco anos no pantanal,Negativa,85.0,7.0,8.0,2025-05-06 00:00:00
Políticas Públicas,plano municipal de arborizacao urbana e aprovado com apoio popular,Neutra,16.0,18.0,66.0,2025-05-06 00:00:00
Outros,empresas adotam metas sustentaveis em seus relatorios anuais,Neutra,13.0,20.0,67.0,2025-05-06 00:00:00
Tecnologia Ambiental,nova turbina eolica produz energia suficiente para 500 casas,Positiva,9.3,81.0,9.7,2025-05-06 00:00:00
Desmatamento,satelites detectam aumento de 28 na devastacao em floresta de mata atlantica,Negativa,85.1,7.0,7.9,2025-05-06 00:00:00
Conservação,area de protecao ambiental recebe reforco em equipe de vigilancia,Positiva,10.2,77.8,12.0,2025-05-06 00:00:00
Poluição,niveis de microplasticos aumentam em rios urbanos segundo novo relatorio,Negativa,82.6,9.1,8.3,2025-05-06 00:00:00
Outros,populacao adere a hortas urbanas em regioes metropolitanas,Neutra,12.3,18.4,69.3,2025-05-06 00:00:00
Queimadas,incendios criminosos destroem hectares de mata em parque nacional,Negativa,87.0,6.5,6.5,2025-05-06 00:00:00
Restauração Ecológica,projeto universitario promove reflorestamento de encostas degradadas,Positiva,8.7,79.3,12.0,2025-05-06 00:00:00
Mudanças Climáticas,derretimento de geleiras acelera elevacao do nivel do mar,Negativa,81.2,10.5,8.3,2025-05-06 00:00:00
Biodiversidade,estudo revela crescimento na populacao de peixes em lagoas restauradas,Positiva,11.1,75.0,13.9,2025-05-06 00:00:00
Políticas Públicas,camara aprova nova legislacao para controle de residuos toxicos,Positiva,9.0,78.2,12.8,2025-05-06 00:00:00
Tecnologia Ambiental,sensor inteligente monitora qualidade do ar em tempo real,Positiva,7.5,82.1,10.4,2025-05-06 00:00:00
Desmatamento,desmatamento ilegal cresce em regioes isoladas do norte do pais,Negativa,83.4,7.4,9.2,2025-05-06 00:00:00
Outros,consumo consciente de energia aumenta entre jovens brasileiros,Neutra,14.2,19.0,66.8,2025-05-06 00:00:00
Poluição,rios costeiros apresentam altos niveis de fosfato segundo pesquisa,Negativa,77.7,11.1,11.2,2025-05-06 00:00:00
Conservação,criacoes de reservas extrativistas promovem sustentabilidade em comunidades locais,Positiva,10.5,74.8,14.7,2025-05-06 00:00:00
Queimadas,focos de incendio aumentam riscos para fauna em unidade de conservacao,Negativa,84.5,8.5,7.0,2025-05-06 00:00:00
Restauração Ecológica,areas desmatadas ha decadas comecam a se regenerar naturalmente,Neutra,15.0,17.2,67.8,2025-05-06 00:00:00
Mudanças Climáticas,estudos apontam maior incidencia de furacoes em regioes tropicais,Negativa,79.6,10.2,10.2,2025-05-06 00:00:00
Biodiversidade,novas especies de orquideas sao catalogadas em regiao montanhosa,Positiva,8.9,80.3,10.8,2025-05-06 00:00:00
Políticas Públicas,programa nacional incentiva substituicao de combustiveis fosseis,Positiva,9.8,76.1,14.1,2025-05-06 00:00:00
Tecnologia Ambiental,plataforma digital permite rastrear impacto ambiental de produtos,Neutra,13.0,18.2,68.8,2025-05-06 00:00:00
Desmatamento,relatorio denuncia corte ilegal em terras protegidas por lei,Negativa,86.3,6.0,7.7,2025-05-06 00:00:00
Outros,pesquisa mostra que sustentabilidade influencia decisoes de compra,Neutra,15.3,20.1,64.6,2025-05-06 00:00:00
Poluição,emissao de gases industriais segue acima dos limites estabelecidos,Negativa,78.4,9.6,12.0,2025-05-06 00:00:00
Conservação,voluntarios realizam limpeza em praias com apoio de ongs locais,Positiva,10.0,79.0,11.0,2025-05-06 00:00:00
Queimadas,alertas de incendio aumentam em periodos de seca prolongada,Neutra,17.0,15.2,67.8,2025-05-06 00:00:00
Restauração Ecológica,campanha escolar promove plantio de mudas em zona urbana,Positiva,7.9,81.5,10.6,2025-05-06 00:00:00
Mudanças Climáticas,regioes costeiras sofrem com avancos do mar em areas urbanas,Negativa,80.5,9.2,10.3,2025-05-06 00:00:00
Biodiversidade,santuario natural registra nascimento de especie rara de felino,Positiva,9.2,82.0,8.8,2025-05-06 00:00:00
Políticas Públicas,municipio implanta coleta seletiva com separacao por tipo de residuo,Positiva,11.4,74.0,14.6,2025-05-06 00:00:00
Tecnologia Ambiental,equipamento nacional utiliza residuos agricolas para gerar energia limpa,Positiva,8.1,79.2,12.7,2025-05-06 00:00:00
Desmatamento,fiscalizacao reduzida contribui para aumento do desmatamento,Negativa,85.0,6.0,9.0,2025-05-06 00:00:00
Outros,habitos sustentaveis crescem entre consumidores de classe media,Neutra,12.8,19.7,67.5,2025-05-06 00:00:00
Poluição,chuvas acidas aumentam corrosao de monumentos historicos em centros urbanos,Negativa,76.0,10.0,14.0,2025-05-06 00:00:00
Conservação,regiao de cerrado ganha unidade de conservacao com apoio de entidades civis,Positiva,10.8,75.5,13.7,2025-05-06 00:00:00
Queimadas,vegetacao nativa sofre danos irreversiveis por queimadas descontroladas,Negativa,88.2,5.3,6.5,2025-05-06 00:00:00
Restauração Ecológica,ong promove restauracao ambiental em margens de rios poluidos,Positiva,9.3,78.9,11.8,2025-05-06 00:00:00
Mudanças Climáticas,temperaturas elevadas impactam diretamente a produtividade agricola,Negativa,82.5,9.0,8.5,2025-05-06 00:00:00
Biodiversidade,tecnologia auxilia na monitoracao de especies em extincao,Positiva,9.6,80.7,9.7,2025-05-06 00:00:00
Políticas Públicas,nova politica nacional incentiva agricultura de baixo carbono,Positiva,10.0,77.6,12.4,2025-05-06 00:00:00
Tecnologia Ambiental,startup brasileira transforma oleo de cozinha em combustivel,Positiva,8.5,79.0,12.5,2025-05-06 00:00:00
Desmatamento,desmatamento cresce em ritmo acelerado em regiao de fronteira agricola,Negativa,84.0,7.0,9.0,2025-05-06 00:00:00
Outros,aplicativo ajuda usuarios a reduzirem desperdicio de agua,Neutra,11.5,21.0,67.5,2025-05-06 00:00:00
Poluição,lixo plastico e encontrado em estomago de animais marinhos,Negativa,79.5,8.5,12.0,2025-05-06 00:00:00
Conservação,programa de educacao ambiental e expandido em escolas publicas,Positiva,9.7,77.3,13.0,2025-05-06 00:00:00
Queimadas,incendios ameacam biodiversidade em parque nacional na regiao norte,Negativa,86.6,6.2,7.2,2025-05-06 00:00:00
Restauração Ecológica,regiao degradada por mineracao recebe plano de restauracao ambiental,Positiva,10.1,76.8,13.1,2025-05-06 00:00:00
Mudanças Climáticas,ondas de calor aumentam risco de doencas respiratorias,Negativa,78.0,10.0,12.0,2025-05-06 00:00:00
Biodiversidade,area de protecao ambiental abriga grande diversidade de insetos nativos,Neutra,13.5,20.0,66.5,2025-05-06 00:00:00
Tecnologia Ambiental,empresa desenvolve tinta solar capaz de gerar energia em paredes,Positiva,9.1,80.0,10.9,2025-05-07 00:00:00
Desmatamento,relatorio mostra aumento de exploracao madeireira ilegal no sudeste,Negativa,85.6,6.3,8.1,2025-05-07 00:00:00
Conservação,projeto reintroduz especies nativas em areas degradadas,Positiva,10.5,78.1,11.4,2025-05-07 00:00:00
Poluição,poluicao luminosa interfere na migracao de aves noturnas,Negativa,76.8,11.5,11.7,2025-05-07 00:00:00
Outros,pesquisa indica que preocupacao ambiental cresce entre adolescentes,Neutra,14.0,18.0,68.0,2025-05-07 00:00:00
Queimadas,queimadas em zona rural afetam qualidade do ar em cidades vizinhas,Negativa,82.0,9.0,9.0,2025-05-07 00:00:00
Restauração Ecológica,mutirao comunitario planta mil mudas em area urbana,Positiva,8.7,81.0,10.3,2025-05-07 00:00:00
Mudanças Climáticas,temperaturas recordes causam perdas na producao de alimentos,Negativa,80.5,10.3,9.2,2025-05-07 00:00:00
Biodiversidade,biologos descobrem nova especie de sapo em regiao de floresta tropical,Positiva,9.4,79.6,11.0,2025-05-07 00:00:00
Políticas Públicas,governo amplia incentivos para energias renovaveis,Positiva,10.0,75.2,14.8,2025-05-07 00:00:00
Tecnologia Ambiental,engenheiros criam sistema que filtra ar usando energia solar,Positiva,7.8,83.0,9.2,2025-05-07 00:00:00
Desmatamento,desmatamento afeta bacias hidrograficas essenciais para abastecimento,Negativa,83.2,8.1,8.7,2025-05-07 00:00:00
Outros,industria cosmetica investe em produtos sustentaveis,Neutra,12.6,20.3,67.1,2025-05-07 00:00:00
Poluição,niveis de chumbo em solo urbano preocupam autoridades,Negativa,79.9,9.0,11.1,2025-05-07 00:00:00
Conservação,corredores ecologicos conectam habitats fragmentados,Positiva,9.9,76.7,13.4,2025-05-07 00:00:00
Queimadas,numero de queimadas aumenta em regiao centro oeste segundo dados,Negativa,84.0,7.0,9.0,2025-05-07 00:00:00
Restauração Ecológica,iniciativa privada recupera mata ciliar em regiao industrial,Positiva,9.1,77.8,13.1,2025-05-07 00:00:00
Mudanças Climáticas,clima instavel prejudica colheita e encarece alimentos,Negativa,81.0,8.7,10.3,2025-05-07 00:00:00
Biodiversidade,novos registros de oncas pintadas em area monitorada por drones,Positiva,10.3,78.5,11.2,2025-05-07 00:00:00
Políticas Públicas,cidades aderem a pacto global pelo clima,Positiva,11.0,73.6,15.4,2025-05-07 00:00:00
Tecnologia Ambiental,app permite monitoramento de consumo de energia em tempo real,Positiva,8.4,80.2,11.4,2025-05-07 00:00:00
Desmatamento,expansao agricola sem controle avanca sobre floresta nativa,Negativa,86.1,6.9,7.0,2025-05-07 00:00:00
Outros,pesquisa mostra que alimentos organicos ganham popularidade,Neutra,13.5,17.0,69.5,2025-05-07 00:00:00
Poluição,detritos toxicos sao encontrados em regioes de manguezal,Negativa,82.3,8.2,9.5,2025-05-07 00:00:00
Conservação,ong promove protecao de nascentes em regiao serrana,Positiva,9.6,76.9,13.5,2025-05-07 00:00:00
Queimadas,incendios prejudicam saude respiratoria de moradores em comunidades,Negativa,85.3,6.8,7.9,2025-05-07 00:00:00
Restauração Ecológica,areas degradadas por pecuaria sao alvo de reflorestamento,Positiva,10.0,77.5,12.5,2025-05-07 00:00:00
Mudanças Climáticas,calor extremo reduz produtividade de trabalhadores ao ar livre,Negativa,79.0,10.0,11.0,2025-05-07 00:00:00
Biodiversidade,cientistas usam inteligencia artificial para mapear biodiversidade,Positiva,8.9,81.3,9.8,2025-05-07 00:00:00
Políticas Públicas,estado implanta politica de lixo zero em escolas estaduais,Positiva,10.7,75.0,14.3,2025-05-07 00:00:00
Tecnologia Ambiental,novo sistema capta agua da umidade do ar em regioes secas,Positiva,9.2,77.4,13.4,2025-05-07 00:00:00
Desmatamento,territorios indigenas sofrem pressao por exploracao ilegal,Negativa,87.0,5.5,7.5,2025-05-07 00:00:00
Outros,estudantes desenvolvem projeto de reciclagem em escolas,Neutra,14.3,19.2,66.5,2025-05-07 00:00:00
Poluição,camadas de oleo sao vistas em rios apos vazamento industrial,Negativa,83.5,8.0,8.5,2025-05-07 00:00:00
Conservação,reserva ambiental recebe status internacional de protecao,Positiva,9.8,76.4,13.8,2025-05-07 00:00:00
Queimadas,areas atingidas por fogo enfrentam dificuldade de regeneracao,Negativa,84.7,7.6,7.7,2025-05-07 00:00:00
Restauração Ecológica,comunidade restaura brejo em regiao urbana,Positiva,8.8,78.6,12.6,2025-05-07 00:00:00
Mudanças Climáticas,relatorio aponta aumento no numero de dias com calor extremo,Negativa,78.6,10.4,11.0,2025-05-07 00:00:00
Biodiversidade,estudo revela comportamento inedito em especie de ave nativa,Neutra,13.0,21.0,66.0,2025-05-07 00:00:00
Políticas Públicas,governo estadual zera impostos para equipamentos solares,Positiva,9.0,79.3,11.7,2025-05-07 00:00:00
Tecnologia Ambiental,engenheiros desenvolvem concreto ecologico com residuos reciclaveis,Positiva,10.1,77.1,12.8,2025-05-07 00:00:00
Desmatamento,imagens de drone flagram corte seletivo em area protegida,Negativa,85.0,7.5,7.5,2025-05-07 00:00:00
Outros,atividades ao ar livre aumentam interesse por natureza entre jovens,Neutra,15.1,16.8,68.1,2025-05-07 00:00:00
Poluição,espuma toxica aparece em rio apos descarte irregular de industria,Negativa,82.0,7.0,11.0,2025-05-07 00:00:00
Conservação,iniciativas locais garantem manutencao de habitats aquaticos,Positiva,9.3,80.1,10.6,2025-05-07 00:00:00
Queimadas,queimadas reduzem visibilidade e causam acidentes em rodovias,Negativa,86.5,5.0,8.5,2025-05-07 00:00:00
Restauração Ecológica,manguezais comecam a se regenerar em area costeira,Positiva,10.2,75.5,14.3,2025-05-07 00:00:00
Mudanças Climáticas,zona urbana registra aumento de ilhas de calor,Negativa,80.2,8.8,11.0,2025-05-07 00:00:00
Biodiversidade,pesquisadores utilizam drones para contar especies marinhas,Neutra,12.5,18.5,69.0,2025-05-07 00:00:00
Tecnologia Ambiental,nova tecnologia permite que telhados residenciais gerem energia eolica com microturbinas integradas ao design arquitetonico das casas,Positiva,7.8,83.1,9.1,2025-05-07 00:00:00
Desmatamento,estudo revela que a expansao da agropecuaria continua sendo o principal vetor de perda de cobertura vegetal em areas de floresta amazonica,Negativa,87.4,6.2,6.4,2025-05-07 00:00:00
Conservação,programa de protecao a especies ameacadas reintroduz tartarugas marinhas em trecho restaurado de litoral nordestino,Positiva,10.6,78.9,10.5,2025-05-07 00:00:00
Poluição,pesquisa aponta que residuos plastico acumulados em fundos oceanicos representam ameaca crescente para biodiversidade marinha,Negativa,81.7,10.0,8.3,2025-05-07 00:00:00
Outros,relatorio anual do instituto nacional ambiental destaca aumento na participacao popular em campanhas de educacao ecologica,Neutra,14.8,20.1,65.1,2025-05-07 00:00:00
Queimadas,numero de focos de incendio triplica em comparacao ao mesmo periodo do ano passado segundo dados oficiais de monitoramento por satelite,Negativa,88.3,6.0,5.7,2025-05-07 00:00:00
Restauração Ecológica,projeto ambiental em parceria com agricultores familiares visa recuperar mata ciliar ao longo de bacias hidrograficas degradadas,Positiva,9.5,77.0,13.5,2025-05-07 00:00:00
Mudanças Climáticas,temperaturas elevadas causam seca prolongada afetando reservatorios de abastecimento em diversas capitais brasileiras,Negativa,82.6,9.3,8.1,2025-05-07 00:00:00
Biodiversidade,descoberta de novas especies de insetos na floresta atlantica reforca importancia da preservacao de pequenos fragmentos florestais,Positiva,9.2,79.6,11.2,2025-05-07 00:00:00
Políticas Públicas,municipios firmam acordo para integracao de sistemas de coleta seletiva em consorcio intermunicipal de gestao de residuos,Positiva,10.4,76.4,13.2,2025-05-07 00:00:00
Tecnologia Ambiental,cientistas desenvolvem sensor inteligente que monitora qualidade da agua em tempo real e envia alertas via aplicativo,Positiva,8.7,81.0,10.3,2025-05-07 00:00:00
Desmatamento,relatorios apontam que estradas ilegais abrem caminho para desmatamento e avancos sobre unidades de conservacao protegidas por lei,Negativa,86.1,7.0,6.9,2025-05-07 00:00:00
Outros,mercado de produtos sustentaveis cresce apesar da inflacao indicando mudanca no comportamento do consumidor urbano,Neutra,12.2,19.5,68.3,2025-05-07 00:00:00
Poluição,estudo detecta alta concentracao de microplasticos em amostras coletadas em lagos proximos a centros urbanos,Negativa,80.4,9.0,10.6,2025-05-07 00:00:00
Conservação,iniciativa privada cria fundo de investimento voltado exclusivamente para projetos de conservacao ambiental de longo prazo,Positiva,9.8,78.2,12.0,2025-05-07 00:00:00
Queimadas,poluicao resultante das queimadas provoca aumento no numero de internacoes hospitalares por problemas respiratorios,Negativa,85.9,6.7,7.4,2025-05-07 00:00:00
Restauração Ecológica,area de brejo urbano e recuperada com apoio de voluntarios e transformada em parque ecologico educativo,Positiva,10.1,75.6,14.3,2025-05-07 00:00:00
Mudanças Climáticas,variacoes climaticas comprometem a saude de plantacoes e aumentam a dependencia de irrigacao artificial em regioes semiaridas,Negativa,79.5,10.2,10.3,2025-05-07 00:00:00
Biodiversidade,pesquisadores desenvolvem banco de dados genetico de especies nativas como estrategia de preservacao em caso de extincao,Positiva,8.6,80.1,11.3,2025-05-07 00:00:00
Políticas Públicas,governo federal sanciona lei que obriga empresas a neutralizar suas emissoes de carbono em ate dez anos,Positiva,10.9,73.5,15.6,2025-05-07 00:00:00
Tecnologia Ambiental,novo dispositivo domestico permite transformar residuos organicos em fertilizante natural sem uso de energia eletrica,Positiva,9.1,78.7,12.2,2025-05-07 00:00:00
Desmatamento,imagens de satelite mostram avancos recentes do desmatamento em regioes consideradas prioritarias para preservacao,Negativa,87.0,5.5,7.5,2025-05-07 00:00:00
Outros,cresce o numero de escolas que incluem educacao ambiental de forma transversal em suas disciplinas,Neutra,13.0,18.0,69.0,2025-05-07 00:00:00
Poluição,monitoramento aponta aumento no nivel de ozonio em centros urbanos durante periodos de calor intenso,Negativa,81.1,9.7,9.2,2025-05-07 00:00:00
Conservação,ongs unem forcas para criar rede nacional de monitoramento da fauna silvestre em tempo real,Positiva,9.6,77.4,13.0,2025-05-07 00:00:00
Queimadas,relatorio aponta que a maioria das queimadas ocorre em propriedades privadas sem fiscalizacao regular,Negativa,84.2,7.1,8.7,2025-05-07 00:00:00
Restauração Ecológica,universidade cria viveiro com capacidade para produzir cem mil mudas por ano para projetos de reflorestamento,Positiva,8.5,82.0,9.5,2025-05-07 00:00:00
Mudanças Climáticas,aumento do nivel do mar coloca em risco comunidades litoraneas que vivem em areas de mangue,Negativa,82.4,8.3,9.3,2025-05-07 00:00:00
Biodiversidade,cientistas observam alteracoes no comportamento de animais devido a iluminacao artificial excessiva,Negativa,78.9,10.1,11.0,2025-05-07 00:00:00
Políticas Públicas,nova legislacao obriga condominios a instalarem sistema de coleta seletiva e compostagem organica,Positiva,11.0,74.1,14.9,2025-05-07 00:00:00
Tecnologia Ambiental,empresa lanca telha solar que gera energia e pode ser aplicada diretamente em qualquer tipo de cobertura residencial,Positiva,9.4,76.5,14.1,2025-05-07 00:00:00
Desmatamento,exploracao ilegal de madeira segue em alta mesmo em areas sob monitoramento permanente,Negativa,85.8,6.6,7.6,2025-05-07 00:00:00
Outros,cresce o numero de startups com foco em solucao de problemas ambientais urbanos,Neutra,14.0,21.0,65.0,2025-05-07 00:00:00
Poluição,industria quimica e autuada por descarte irregular de efluentes em corpo dagua,Negativa,80.6,10.0,9.4,2025-05-07 00:00:00
Conservação,nova unidade de conservacao e criada com foco em proteger nascentes e trilhas de biodiversidade,Positiva,10.3,77.3,12.4,2025-05-07 00:00:00
Queimadas,estudo liga aumento de queimadas a reducao de verbas para fiscalizacao ambiental,Negativa,86.3,6.3,7.4,2025-05-07 00:00:00
Restauração Ecológica,comunidade quilombola lidera projeto de reflorestamento em area de caatinga,Positiva,8.7,79.2,12.1,2025-05-07 00:00:00
Mudanças Climáticas,cidades do interior registram aumento de temperaturas medias anuais na ultima decada,Negativa,81.3,8.9,9.8,2025-05-07 00:00:00
Biodiversidade,equipe de pesquisa registra som de especie ameacada pela primeira vez em seu habitat natural,Positiva,9.0,80.5,10.5,2025-05-07 00:00:00
Políticas Públicas,lei municipal proibe uso de plastico descartavel em eventos publicos,Positiva,10.2,76.0,13.8,2025-05-07 00:00:00
Tecnologia Ambiental,cientistas criam pintura que resfria superficies expostas ao sol sem necessidade de energia,Positiva,9.3,79.4,11.3,2025-05-07 00:00:00
Tecnologia Ambiental,engenheiros desenvolvem sistema que usa inteligencia artificial para prever enchentes com base em dados de satelite e sensores locais,Positiva,9.2,79.7,11.1,2025-05-07 00:00:00
Desmatamento,areas de floresta amazonica continuam sendo devastadas apesar de operacoes recentes para combater a exploracao ilegal de madeira,Negativa,88.1,5.9,6.0,2025-05-07 00:00:00
Conservação,projeto comunitario cria corredor ecologico entre reservas naturais para facilitar o deslocamento de especies silvestres,Positiva,10.4,78.8,10.8,2025-05-07 00:00:00
Poluição,relatorio ambiental detecta concentracoes perigosas de metais pesados em regioes industriais sem controle ambiental adequado,Negativa,84.9,7.4,7.7,2025-05-07 00:00:00
Outros,numero de cursos online sobre sustentabilidade cresce em plataformas educacionais indicando interesse da populacao,Neutra,11.3,22.1,66.6,2025-05-07 00:00:00
Queimadas,organizacoes denunciam que queimadas em terras indigenas aumentaram apos flexibilizacao de regras de protecao ambiental,Negativa,87.2,6.5,6.3,2025-05-07 00:00:00
Restauração Ecológica,cientistas monitoram reintroducao de especies nativas em regiao restaurada apos decadas de degradacao intensa,Positiva,9.9,80.2,9.9,2025-05-07 00:00:00
Mudanças Climáticas,pesquisas indicam que eventos climaticos extremos estao se tornando mais frequentes e intensos em todo o globo,Negativa,83.6,8.1,8.3,2025-05-07 00:00:00
Biodiversidade,descoberta de fungo raro que pode ajudar na degradacao de plasticos em ambiente natural anima comunidade cientifica,Positiva,8.6,81.7,9.7,2025-05-07 00:00:00
Políticas Públicas,governo estadual anuncia incentivo fiscal para empresas que reduzirem emissao de carbono em seus processos,Positiva,9.8,75.3,14.9,2025-05-07 00:00:00
Tecnologia Ambiental,nova tecnologia permite captacao de agua potavel diretamente da umidade do ar em comunidades isoladas,Positiva,8.9,78.5,12.6,2025-05-07 00:00:00
Desmatamento,documento revela que projetos de infraestrutura estao associados ao aumento do desmatamento em unidades de conservacao,Negativa,85.5,6.3,8.2,2025-05-07 00:00:00
Outros,pesquisa mostra que maioria dos brasileiros apoia medidas rigorosas contra crimes ambientais,Neutra,12.4,19.4,68.2,2025-05-07 00:00:00
Poluição,rios urbanos sofrem com descargas de esgoto sem tratamento em areas com infraestrutura precaria,Negativa,82.7,9.2,8.1,2025-05-07 00:00:00
Conservação,ong cria plataforma que conecta voluntarios a iniciativas de restauracao ambiental em diversas regioes do pais,Positiva,10.5,76.7,12.8,2025-05-07 00:00:00
Queimadas,incendios florestais afetam reservas naturais e colocam em risco animais em extincao,Negativa,86.2,7.0,6.8,2025-05-07 00:00:00
Restauração Ecológica,reflorestamento de area urbana transforma terreno abandonado em parque acessivel para a comunidade,Positiva,9.6,80.1,10.3,2025-05-07 00:00:00
Mudanças Climáticas,cidades costeiras sofrem com avancos do mar e perdas de infraestrutura publica essencial,Negativa,83.8,8.6,7.6,2025-05-07 00:00:00
Biodiversidade,nova pesquisa encontra relacao entre poluicao sonora e estresse em aves urbanas,Negativa,78.5,10.5,11.0,2025-05-07 00:00:00
Políticas Públicas,camara aprova projeto que obriga instalacao de paineis solares em escolas publicas de todo o pais,Positiva,9.7,77.4,12.9,2025-05-07 00:00:00
Tecnologia Ambiental,dispositivo compacto promete purificar ar de ambientes internos com eficiencia superior a filtros convencionais,Positiva,8.8,79.9,11.3,2025-05-07 00:00:00
Desmatamento,organismos internacionais alertam sobre possivel colapso ecologico em regioes criticas devido ao desmatamento acelerado,Negativa,89.3,4.2,6.5,2025-05-07 00:00:00
Outros,jovens ativistas organizam encontro nacional para discutir acoes concretas de sustentabilidade,Neutra,13.6,23.3,63.1,2025-05-07 00:00:00
Poluição,industria e multada por vazamento de substancias toxicas que atingiram rio utilizado para abastecimento,Negativa,84.4,6.9,8.7,2025-05-07 00:00:00
Conservação,cientistas capturam imagens raras de onca pintada em area reabilitada recentemente,Positiva,10.2,82.5,7.3,2025-05-07 00:00:00
Queimadas,governo admite dificuldade para conter queimadas em tempo seco prolongado e falta de recursos humanos,Negativa,85.5,7.2,7.3,2025-05-07 00:00:00
Restauração Ecológica,universidade publica desenvolve metodologia inovadora para acelerar crescimento de mudas nativas,Positiva,8.4,83.0,8.6,2025-05-07 00:00:00
Mudanças Climáticas,chuvas intensas causam deslizamentos de terra em comunidades de encosta com historico de risco,Negativa,82.2,9.1,8.7,2025-05-07 00:00:00
Biodiversidade,relatorio aponta que 25 por cento das especies de anfibios estao em risco critico de extincao,Negativa,81.6,9.6,8.8,2025-05-07 00:00:00
Políticas Públicas,estado aprova criacao de fundo para compensacao ambiental com foco em restauracao de biomas nativos,Positiva,10.6,74.2,15.2,2025-05-07 00:00:00
Tecnologia Ambiental,empresa brasileira cria tinta que absorve poluentes do ar aplicada em paredes externas,Positiva,9.1,79.1,11.8,2025-05-07 00:00:00
Desmatamento,fiscalizacoes encontram extensas areas derrubadas com indicios de uso de maquinaria pesada ilegal,Negativa,87.7,5.1,7.2,2025-05-07 00:00:00
Outros,escolas publicas recebem material didatico com foco em educacao para sustentabilidade,Neutra,14.0,20.3,65.7,2025-05-07 00:00:00
Poluição,aumento do transito em regioes metropolitanas eleva indices de poluentes inalaveis,Negativa,83.3,8.0,8.7,2025-05-07 00:00:00
Conservação,fazendeiros e ambientalistas firmam pacto para preservar nacentes em propriedades rurais,Positiva,10.0,76.2,13.8,2025-05-07 00:00:00
Queimadas,regioes de cerrado registram aumento expressivo de focos de calor segundo satelites,Negativa,86.6,6.1,7.3,2025-05-07 00:00:00
Restauração Ecológica,mutirao de voluntarios planta mais de vinte mil mudas em projeto de revitalizacao de nascente,Positiva,9.8,81.3,8.9,2025-05-07 00:00:00
Mudanças Climáticas,custos com desastres naturais triplicam em dez anos conforme relatorio de seguradoras,Negativa,84.1,7.5,8.4,2025-05-07 00:00:00
Biodiversidade,recifes artificiais instalados em costa ajudam a recuperar populacoes de peixes e corais,Positiva,8.7,78.8,12.5,2025-05-07 00:00:00
Políticas Públicas,governo federal libera recursos para restaurar areas degradadas por atividades mineradoras,Positiva,9.9,75.0,15.1,2025-05-07 00:00:00
Tecnologia Ambiental,sistema de energia solar flutuante e instalado em reservatorio para gerar energia limpa e reduzir evaporacao,Positiva,9.3,79.0,11.7,2025-05-07 00:00:00
Desmatamento,comunidades denunciam ameacas de grileiros a liderancas locais que denunciam desmatamento,Negativa,86.9,6.0,7.1,2025-05-07 00:00:00
Outros,feira de ciencias escolares destaca projetos voltados para solucao de problemas ambientais locais,Neutra,13.0,22.4,64.6,2025-05-07 00:00:00
Poluição,chuvas carregam lixo acumulado nas ruas para rios causando aumento de contaminacao,Negativa,82.5,9.4,8.1,2025-05-07 00:00:00
Conservação,biologos desenvolvem plano de manejo para proteger animais de pequeno porte em areas urbanas,Positiva,9.6,80.4,10.0,2025-05-07 00:00:00
Queimadas,queda nos investimentos compromete capacidade de combate a incendios florestais em regioes criticas,Negativa,85.7,7.3,7.0,2025-05-07 00:00:00
Restauração Ecológica,parceria entre universidade e prefeitura transforma lixao desativado em area verde com trilhas educativas,Positiva,10.2,77.9,11.9,2025-05-07 00:00:00
Mudanças Climáticas,recorde de temperatura afeta colheita e gera aumento no preco de alimentos basicos,Negativa,84.5,7.0,8.5,2025-05-07 00:00:00
Biodiversidade,plantas medicinais nativas sao catalogadas em projeto que une ciencia e saber tradicional,Positiva,8.5,82.1,9.4,2025-05-07 00:00:00
Políticas Públicas,cidade aprova lei que exige cobertura vegetal minima em novos empreendimentos urbanos,Positiva,9.0,78.2,12.8,2025-05-07 00:00:00
Tecnologia Ambiental,projeto inovador usa energia solar para impulsionar sistemas de dessalinizacao de agua em regioes aridas,Positiva,8.4,80.3,11.3,2025-05-07 00:00:00
Desmatamento,comunidades locais se mobilizam para combater o avanco de madeireiras ilegais que devastam areas protegidas,Negativa,87.8,6.3,5.9,2025-05-07 00:00:00
Conservação,cientistas criam modelo de plantio em grande escala para restaurar ecossistemas de floresta tropical em poucos anos,Positiva,9.5,78.7,11.8,2025-05-07 00:00:00
Poluição,emissao de gases poluentes por fabricas quimicas nas grandes cidades aumenta os riscos a saude publica,Negativa,83.0,7.9,9.1,2025-05-07 00:00:00
Outros,estudos indicam que areas urbanas bem planejadas podem reduzir a pegada ecologica das populacoes locais,Neutra,12.2,21.3,66.5,2025-05-07 00:00:00
Queimadas,em regioes do centrooeste incendios em matas ja afetam a fauna e flora nativas colocando ecossistemas em risco,Negativa,88.1,5.5,6.4,2025-05-07 00:00:00
Restauração Ecológica,projeto de reflorestamento urbano em cidades com alta poluicao do ar busca mitigar efeitos das mudancas climaticas,Positiva,8.8,79.6,11.6,2025-05-07 00:00:00
Mudanças Climáticas,numeros indicam que a frequencia de furacoes intensos nas regioes tropicais aumentou em 50 nos ultimos 30 anos,Negativa,84.3,8.2,7.5,2025-05-07 00:00:00
Biodiversidade,novos estudos revelam a rapida recuperacao de ecossistemas marinhos apos restricao da pesca em areas protegidas,Positiva,9.0,81.5,9.5,2025-05-07 00:00:00
Políticas Públicas,governo federal implementa programa de incentivo fiscal para agricultores que preservam areas de vegetacao nativa,Positiva,10.4,75.3,14.3,2025-05-07 00:00:00
Tecnologia Ambiental,dispositivos portateis para purificacao de agua ganham destaque em comunidades isoladas da amazonia,Positiva,9.3,77.9,12.8,2025-05-07 00:00:00
Desmatamento,novos dados de satelite revelam que a destruicao da vegetacao no pantanal dobrou nos ultimos cinco anos,Negativa,86.5,6.2,7.3,2025-05-07 00:00:00
Outros,congresso promove debate sobre solucoes para combater o desperdicio de alimentos e aumentar a seguranca alimentar,Neutra,11.8,20.9,67.3,2025-05-07 00:00:00
Poluição,poluicao sonora em areas urbanas e considerada um dos maiores desafios de saude publica no brasil,Negativa,82.9,9.5,7.6,2025-05-07 00:00:00
Conservação,rede de corredores ecologicos entre parques nacionais proporciona migracao de especies aumentando a biodiversidade,Positiva,10.2,77.5,12.3,2025-05-07 00:00:00
Queimadas,operacoes militares contra focos de incendio florestal sao intensificadas apos a chegada da estacao seca,Negativa,87.3,5.7,7.0,2025-05-07 00:00:00
Restauração Ecológica,pesquisa revela que metodos de regeneracao natural das florestas nativas sao eficazes e sustentaveis a longo prazo,Positiva,8.7,79.9,11.4,2025-05-07 00:00:00
Mudanças Climáticas,estudo alerta para os impactos da elevacao do nivel do mar em cidades costeiras ao redor do mundo,Negativa,85.0,7.3,7.7,2025-05-07 00:00:00
Biodiversidade,cientistas alertam que perda de habitat e um dos maiores causadores da extincao de animais em todo o planeta,Negativa,83.7,9.4,6.9,2025-05-07 00:00:00
Políticas Públicas,novos projetos de lei buscam combater o trafico de animais silvestres no pais com penas mais severas,Positiva,10.1,74.9,15.0,2025-05-07 00:00:00
Tecnologia Ambiental,tecnologia de reciclagem de plastico desenvolvido por startup brasileira reduz 60 do material usado,Positiva,9.6,78.3,12.1,2025-05-07 00:00:00
Desmatamento,governo lanca novo plano de acao para combater o desmatamento ilegal na amazonia com reforco de fiscalizacao,Positiva,8.3,80.0,11.7,2025-05-07 00:00:00
Outros,divulgacao de indicadores ambientais e crescimento de plataformas de monitoramento aumentam a conscientizacao da populacao,Neutra,12.5,19.8,67.7,2025-05-07 00:00:00
Poluição,projetos urbanos estao sendo repensados para reduzir a emissao de poluentes e melhorar a qualidade de vida nas grandes cidades,Positiva,8.2,78.9,12.9,2025-05-07 00:00:00
Conservação,algumas reservas naturais na africa estao sendo revitalizadas por meio de parcerias publicoprivadas para preservar ecossistemas vitais,Positiva,9.7,77.0,13.3,2025-05-07 00:00:00
Queimadas,estudo recente aponta que o aumento das queimadas no cerrado contribui para o agravamento da seca na regiao,Negativa,85.3,6.2,8.5,2025-05-07 00:00:00
Restauração Ecológica,grupos de voluntarios se unem para realizar mutiroes de plantio de mudas em areas devastadas por incendios,Positiva,8.4,79.2,12.4,2025-05-07 00:00:00
Mudanças Climáticas,umidade relativa do ar atinge niveis alarmantes devido ao aquecimento global afetando diretamente a agricultura,Negativa,83.1,7.4,9.5,2025-05-07 00:00:00
Biodiversidade,unidades de conservacao implementam medidas para aumentar a resistencia das especies a mudanca climatica,Positiva,8.9,80.4,10.7,2025-05-07 00:00:00
Políticas Públicas,governo de estado anuncia projeto para revitalizacao de areas de mangue focando em conservacao e biodiversidade,Positiva,9.1,77.2,13.7,2025-05-07 00:00:00
Tecnologia Ambiental,empresa usa ia para otimizar os processos de separacao e reciclagem de residuos plasticos,Positiva,8.6,79.4,12.0,2025-05-07 00:00:00
Desmatamento,pesquisa aponta que falta de fiscalizacao e impunidade aumentam o desmatamento ilegal em reservas ambientais,Negativa,87.4,6.1,6.5,2025-05-07 00:00:00
Outros,projeto sustentavel visa transformar o lixo organico de cidades em biofertilizantes para a agricultura urbana,Neutra,13.0,19.2,67.8,2025-05-07 00:00:00
Poluição,pesquisadores alertam sobre os efeitos da poluicao do ar na saude mental especialmente entre criancas e idosos,Negativa,81.7,9.8,8.5,2025-05-07 00:00:00
Conservação,parques ecologicos ao redor do mundo sao agora mais acessiveis ao publico com novas iniciativas de inclusao social,Positiva,9.2,78.8,12.0,2025-05-07 00:00:00
Queimadas,incendios florestais em grandes dimensoes sao responsaveis por perdas significativas em biodiversidade e fauna local,Negativa,84.6,7.3,8.1,2025-05-07 00:00:00
Restauração Ecológica,novo projeto de restauracao de zonas umidas promete beneficiar ecossistemas e comunidades locais ao mesmo tempo,Positiva,10.0,75.4,14.6,2025-05-07 00:00:00
Mudanças Climáticas,aumento da intensidade de tempestades de neve no hemisferio norte prejudica a agricultura e o transporte,Negativa,82.2,8.6,9.2,2025-05-07 00:00:00
Biodiversidade,restaurantes e mercados locais estao comecando a oferecer produtos de pesca sustentavel reduzindo o impacto na biodiversidade marinha,Positiva,8.8,79.1,12.1,2025-05-07 00:00:00
Políticas Públicas,governo aprova uso de incentivos fiscais para empresas que reduzem a pegada de carbono e implementam praticas sustentaveis,Positiva,9.3,76.8,14.0,2025-05-07 00:00:00
Tecnologia Ambiental,nova tecnologia permite que o lixo seja transformado em biocombustivel de maneira mais rapida e eficiente,Positiva,9.5,77.2,13.3,2025-05-07 00:00:00
Desmatamento,ministerio do meio ambiente denuncia aumento das invasoes em terras indigenas e unidade de conservacao na regiao norte,Negativa,86.8,6.7,6.5,2025-05-07 00:00:00
Outros,grandes empresas de moda estao se comprometendo a reduzir o impacto ambiental com novas praticas de producao sustentavel,Neutra,12.4,20.5,67.1,2025-05-07 00:00:00
Tecnologia Ambiental,novo sistema de irrigacao inteligente baseado em ia economiza 30 de agua na agricultura,Positiva,10.5,79.1,10.4,2025-05-07 00:00:00
Desmatamento,desmatamento ilegal na amazonia cresce 25 no ultimo semestre com avanco de atividades mineradoras,Negativa,88.2,6.1,5.7,2025-05-07 00:00:00
Conservação,parques naturais se tornam importantes para a recuperacao da biodiversidade apos serios danos causados pelo desmatamento,Positiva,8.9,77.3,13.8,2025-05-07 00:00:00
Poluição,estudo revela que poluicao do ar nas grandes metropoles tem efeito direto na saude cardiovascular das pessoas,Negativa,85.7,7.3,7.0,2025-05-07 00:00:00
Outros,projeto de agricultura regenerativa esta sendo implementado em varias regioes para combater os efeitos da degradacao do solo,Neutra,12.1,20.8,67.1,2025-05-07 00:00:00
Queimadas,incendios florestais no pantanal resultam em perdas irreparaveis de fauna local com impacto direto no ecossistema,Negativa,86.3,7.2,6.5,2025-05-07 00:00:00
Restauração Ecológica,parceria entre ongs e governo promove plantio de 1 milhao de arvores em areas desmatadas de sao paulo,Positiva,9.6,78.5,11.9,2025-05-07 00:00:00
Mudanças Climáticas,aquecimento global acelera derretimento das geleiras nos polos afetando diretamente a fauna e flora locais,Negativa,83.9,8.4,7.7,2025-05-07 00:00:00
Biodiversidade,restauracao de recifes de corais pode ajudar a recuperar ecossistemas marinhos e aumentar a biodiversidade marinha,Positiva,9.2,79.2,11.6,2025-05-07 00:00:00
Políticas Públicas,governo federal implementa nova politica publica para protecao de areas de vegetacao nativa com objetivo de reduzir desmatamento,Positiva,10.4,76.1,13.5,2025-05-07 00:00:00
Tecnologia Ambiental,inovacoes tecnologicas estao transformando residuos industriais em materiais reciclaveis de alta durabilidade,Positiva,8.1,80.4,11.5,2025-05-07 00:00:00
Desmatamento,numerosos focos de incendio ilegal avancam sobre areas de protecao ambiental na regiao amazonica,Negativa,87.5,6.0,6.5,2025-05-07 00:00:00
Outros,programas de reflorestamento urbano estao se expandindo para reduzir a poluicao e melhorar a qualidade do ar,Neutra,11.9,19.7,68.4,2025-05-07 00:00:00
Poluição,emissao de dioxido de carbono atinge niveis recordes nos ultimos meses em grandes centros urbanos ao redor do mundo,Negativa,84.6,8.3,7.1,2025-05-07 00:00:00
Conservação,organizacoes ambientais internacionais pedem maior fiscalizacao em areas de preservacao para evitar invasoes ilegais,Positiva,9.5,78.2,12.3,2025-05-07 00:00:00
Queimadas,desastres ambientais provocados por queimadas no brasil afetam ecossistemas e agravam problemas de saude publica,Negativa,85.9,7.1,7.0,2025-05-07 00:00:00
Restauração Ecológica,nova abordagem de restauracao ecologica comeca a ser aplicada em areas degradadas no cerrado com boas perspectivas,Positiva,8.7,79.8,11.5,2025-05-07 00:00:00
Mudanças Climáticas,projecoes indicam aumento das temperaturas medias globais nos proximos 50 anos afetando regioes costeiras e interiores,Negativa,82.3,9.1,8.6,2025-05-07 00:00:00
Biodiversidade,parques de conservacao na asia estao recebendo investimentos para proteger especies ameacadas de extincao,Positiva,9.3,78.6,12.1,2025-05-07 00:00:00
Políticas Públicas,governo estadual cria incentivos fiscais para empresas que preservam areas naturais e promovem o uso sustentavel dos recursos,Positiva,8.8,79.5,11.7,2025-05-07 00:00:00
Tecnologia Ambiental,tecnologia que converte residuos organicos em biocombustiveis ganha atencao global como solucao sustentavel para a crise energetica,Positiva,9.4,77.9,12.7,2025-05-07 00:00:00
Desmatamento,grandes areas de florestas no brasil estao sendo destruidas por acoes ilegais que causam danos irreversiveis a biodiversidade,Negativa,86.7,7.4,5.9,2025-05-07 00:00:00
Outros,iniciativas de economia circular estao se tornando cada vez mais populares entre empresas que buscam diminuir seus impactos ambientais,Neutra,12.3,20.2,67.5,2025-05-07 00:00:00
Poluição,niveis de poluentes toxicos nas aguas dos rios do brasil aumentaram significativamente apos atividades industriais irregulares,Negativa,84.0,8.0,8.0,2025-05-07 00:00:00
Conservação,cientistas estao desenvolvendo novas tecnicas de conservacao marinha que ajudam na recuperacao de ecossistemas aquaticos,Positiva,9.0,78.3,12.7,2025-05-07 00:00:00
Queimadas,aumento no numero de queimadas nos estados do nordeste esta colocando em risco a fauna e flora local,Negativa,87.1,6.0,6.9,2025-05-07 00:00:00
Restauração Ecológica,programa de restauracao de florestas tropicais esta em andamento no brasil com foco na recuperacao da biodiversidade,Positiva,8.6,80.1,11.3,2025-05-07 00:00:00
Mudanças Climáticas,impactos das mudancas climaticas sao mais intensos em areas costeiras com aumento no nivel do mar e enchentes,Negativa,83.8,8.5,7.7,2025-05-07 00:00:00
Biodiversidade,novos esforcos de preservacao em reservas naturais no continente africano estao ajudando a proteger especies em extincao,Positiva,9.2,79.5,11.3,2025-05-07 00:00:00
Políticas Públicas,governo aprova novo plano de acao para aumentar a preservacao de areas naturais com foco na expansao das reservas ambientais,Positiva,10.2,76.6,13.2,2025-05-07 00:00:00
Tecnologia Ambiental,inovacoes em biotecnologia estao ajudando a purificar aguas contaminadas por metais pesados de maneira mais eficiente,Positiva,9.8,77.4,12.8,2025-05-07 00:00:00
Desmatamento,numerosas ongs internacionais denunciam a crescente destruicao das florestas tropicais devido a expansao da agricultura,Negativa,88.3,5.5,6.2,2025-05-07 00:00:00
Outros,programas educacionais sobre sustentabilidade e preservacao ambiental estao ganhando forca nas escolas de todo o mundo,Neutra,12.7,21.0,66.3,2025-05-07 00:00:00
Poluição,uso indiscriminado de plasticos esta causando graves problemas ambientais em regioes de alto risco no oceano pacifico,Negativa,83.4,8.9,7.7,2025-05-07 00:00:00
Conservação,projeto de preservacao da biodiversidade marinha em praias do litoral brasileiro comeca a apresentar resultados positivos,Positiva,9.6,78.1,12.3,2025-05-07 00:00:00
Queimadas,incendios na regiao norte do brasil estao aumentando devido a altas temperaturas e falta de controle efetivo,Negativa,85.3,7.8,7.0,2025-05-07 00:00:00
Restauração Ecológica,pesquisa revela que a regeneracao natural e mais eficaz para a restauracao de florestas do que o plantio de novas mudas,Positiva,8.5,79.9,11.6,2025-05-07 00:00:00
Mudanças Climáticas,desastres naturais provocados por fenomenos climaticos extremos aumentam significativamente nos ultimos anos,Negativa,84.1,7.3,8.6,2025-05-07 00:00:00
Biodiversidade,conservacao de habitats naturais e essencial para garantir a sobrevivencia de especies ameacadas de extincao,Positiva,9.0,79.4,11.6,2025-05-07 00:00:00
Políticas Públicas,governo federal aprova novas regras para a protecao de areas de preservacao permanente em todo o territorio nacional,Positiva,9.2,77.8,13.0,2025-05-07 00:00:00
Tecnologia Ambiental,inovacoes em energia renovavel estao diminuindo os custos de producao e tornando o setor mais competitivo,Positiva,8.6,78.2,13.2,2025-05-07 00:00:00
Desmatamento,aumento do desmatamento em areas protegidas do cerrado coloca em risco especies endemicas e ecossistemas frageis,Negativa,87.2,6.1,6.7,2025-05-07 00:00:00
Outros,projetos voltados para a sustentabilidade comecam a ganhar mais apoio do setor privado e do governo,Neutra,11.8,22.1,66.1,2025-05-07 00:00:00
Tecnologia Ambiental,pesquisa brasileira desenvolve sensor que detecta qualidade do solo em tempo real com alta precisao,Positiva,10.1,79.3,10.6,2025-05-07 00:00:00
Desmatamento,relatorio internacional aponta avanco rapido da devastacao florestal no sul do amazonas,Negativa,87.5,7.1,5.4,2025-05-07 00:00:00
Conservação,regiao da serra do cipo recebe reforco em fiscalizacao para evitar atividades predatorias em areas protegidas,Positiva,9.0,78.9,12.1,2025-05-07 00:00:00
Poluição,contaminacao do solo por agrotoxicos afeta producao agricola e compromete reservas hidricas em diversas regioes,Negativa,86.2,6.7,7.1,2025-05-07 00:00:00
Outros,projetos escolares ambientais promovem educacao ecologica e aumentam consciencia entre jovens estudantes,Neutra,11.6,20.4,68.0,2025-05-07 00:00:00
Queimadas,queimadas intensas no centro oeste preocupam especialistas por afetarem diretamente as chuvas na regiao,Negativa,85.9,6.9,7.2,2025-05-07 00:00:00
Restauração Ecológica,cooperativa inicia trabalho de reflorestamento em areas degradadas no sul de minas gerais,Positiva,9.2,77.5,13.3,2025-05-07 00:00:00
Mudanças Climáticas,tempestades mais fortes e imprevisiveis sao atribuidas ao aquecimento global por cientistas renomados,Negativa,83.3,8.0,8.7,2025-05-07 00:00:00
Biodiversidade,pesquisadores descobrem nova especie de ave em floresta preservada da regiao norte do pais,Positiva,9.8,78.7,11.5,2025-05-07 00:00:00
Políticas Públicas,assembleia estadual aprova fundo para investimentos em projetos ambientais e acoes contra desmatamento,Positiva,10.3,75.9,13.8,2025-05-07 00:00:00
Tecnologia Ambiental,sistema de drones monitora desmatamento em tempo real e envia alertas para autoridades locais,Positiva,8.7,79.1,12.2,2025-05-07 00:00:00
Desmatamento,flagrantes de corte ilegal de arvores aumentam durante periodo seco e causam perdas irreversiveis,Negativa,88.0,5.8,6.2,2025-05-07 00:00:00
Outros,acoes de reflorestamento em zonas urbanas ajudam a reduzir temperatura e melhorar qualidade do ar,Neutra,12.0,19.9,68.1,2025-05-07 00:00:00
Poluição,alerta sobre poluicao sonora em grandes centros urbanos preocupa moradores e especialistas em saude,Negativa,84.8,7.6,7.6,2025-05-07 00:00:00
Conservação,ong internacional financia expansao de area de preservacao ambiental em bioma da caatinga,Positiva,8.9,78.2,12.9,2025-05-07 00:00:00
Queimadas,fauna do cerrado sofre com incendios e especialistas alertam para impactos na cadeia alimentar,Negativa,87.3,6.3,6.4,2025-05-07 00:00:00
Restauração Ecológica,revegetacao de margens de rios ajuda a prevenir erosoes e protege nascentes ameacadas,Positiva,9.0,77.8,13.2,2025-05-07 00:00:00
Mudanças Climáticas,aumento de eventos extremos como secas e enchentes e tema de forum internacional sobre clima,Negativa,82.6,8.9,8.5,2025-05-07 00:00:00
Biodiversidade,novas areas de protecao sao criadas para salvar especies de mamiferos em risco de extincao,Positiva,9.1,79.2,11.7,2025-05-07 00:00:00
Políticas Públicas,proposta de lei quer punir empresas que poluem rios com multas severas e obrigacao de reparo ambiental,Positiva,10.0,76.4,13.6,2025-05-07 00:00:00
Tecnologia Ambiental,plataforma de dados ambientais permite prever impacto de obras em ecossistemas com semanas de antecedencia,Positiva,9.3,78.4,12.3,2025-05-07 00:00:00
Desmatamento,mudancas na legislacao ambiental preocupam especialistas que alertam para riscos de aumento de devastacao,Negativa,86.8,7.0,6.2,2025-05-07 00:00:00
Outros,jovens lideram acoes de reflorestamento em comunidades do nordeste com apoio de ongs e escolas,Neutra,12.4,20.1,67.5,2025-05-07 00:00:00
Poluição,estudo revela que poeira toxica esta presente em regioes urbanas com alta circulacao de veiculos,Negativa,85.5,7.3,7.2,2025-05-07 00:00:00
Conservação,reserva indigena fortalece acoes de preservacao com apoio tecnico e financeiro de entidades ambientais,Positiva,9.7,77.6,12.7,2025-05-07 00:00:00
Queimadas,falta de fiscalizacao agrava numero de focos de incendio no interior do para durante o mes de abril,Negativa,86.9,6.8,6.3,2025-05-07 00:00:00
Restauração Ecológica,plantio de especies nativas cresce 40 em regioes de mata atlantica desmatadas nos ultimos anos,Positiva,8.5,80.3,11.2,2025-05-07 00:00:00
Mudanças Climáticas,camadas de gelo na antartica apresentam rachaduras ineditas e preocupam cientistas do mundo todo,Negativa,83.5,8.2,8.3,2025-05-07 00:00:00
Biodiversidade,santuario ecologico registra aumento na populacao de oncas pardas apos acoes de protecao,Positiva,9.6,78.0,12.4,2025-05-07 00:00:00
Políticas Públicas,estado do acre amplia financiamento para pesquisas ambientais em areas de fronteira,Positiva,10.1,75.7,14.2,2025-05-07 00:00:00
Tecnologia Ambiental,nova estacao meteorologica autonoma alimentada por energia solar comeca a operar em regioes isoladas,Positiva,9.9,76.9,13.2,2025-05-07 00:00:00
Desmatamento,areas de floresta primaria continuam sendo derrubadas mesmo com proibicao de atividades extrativistas,Negativa,88.5,5.3,6.2,2025-05-07 00:00:00
Outros,feiras ambientais promovem produtos sustentaveis e incentivam praticas ecologicas nas cidades,Neutra,12.5,21.2,66.3,2025-05-07 00:00:00
Poluição,monitoramento revela contaminacao por chumbo em bairros proximos a fabricas desativadas,Negativa,84.3,8.1,7.6,2025-05-07 00:00:00
Conservação,criacao de corredor ecologico entre parques nacionais e aprovada e deve preservar rotas de animais migratorios,Positiva,9.4,78.6,12.0,2025-05-07 00:00:00
Queimadas,alerta de emergencia e emitido por orgao ambiental apos recorde de queimadas em abril,Negativa,87.6,5.9,6.5,2025-05-07 00:00:00
Restauração Ecológica,universidades iniciam parceria para estudo da recuperacao de areas devastadas por mineracao,Positiva,9.1,77.2,13.7,2025-05-07 00:00:00
Mudanças Climáticas,secas prolongadas causam crise hidrica e afetam producao agricola em diversas regioes do pais,Negativa,83.6,8.4,8.0,2025-05-07 00:00:00
Biodiversidade,bioma do pantanal ganha projeto de preservacao voltado a manutencao de especies nativas e ciclo das aguas,Positiva,9.0,79.1,11.9,2025-05-07 00:00:00
Tecnologia Ambiental,pesquisadores desenvolvem filtro solar biodegradavel que nao afeta corais marinhos,Positiva,9.4,78.3,12.3,2025-05-07 00:00:00
Desmatamento,relatorio revela desmatamento crescente em reservas legais mesmo com presenca de fiscalizacao,Negativa,87.9,6.2,5.9,2025-05-07 00:00:00
Conservação,instituto ambiental anuncia plano de recuperacao para nascentes ameacadas na regiao sul,Positiva,10.1,75.5,14.4,2025-05-07 00:00:00
Poluição,nuvem de poluicao estaciona sobre capital e causa alerta para riscos respiratorios,Negativa,84.1,8.6,7.3,2025-05-07 00:00:00
Outros,campanha educativa ensina criancas sobre consumo consciente e reciclagem,Neutra,12.7,19.3,68.0,2025-05-07 00:00:00
Queimadas,areas protegidas sofrem com incendios e acoes ilegais de pecuaristas,Negativa,88.1,5.4,6.5,2025-05-07 00:00:00
Restauração Ecológica,cooperativa inicia reflorestamento com especies nativas e tecnicas agroecologicas,Positiva,9.3,76.8,13.9,2025-05-07 00:00:00
Mudanças Climáticas,temperaturas extremas sao registradas em cidades do interior com recordes historicos,Negativa,85.6,7.1,7.3,2025-05-07 00:00:00
Biodiversidade,projeto de mapeamento registra aumento de especies ameacadas em regioes conservadas,Positiva,8.9,79.7,11.4,2025-05-07 00:00:00
Políticas Públicas,nova legislacao propoe incentivo fiscal para empresas sustentaveis,Positiva,10.4,76.2,13.4,2025-05-07 00:00:00
Tecnologia Ambiental,empresa lanca aplicativo que rastreia pegada de carbono de produtos no mercado,Positiva,9.8,78.9,11.3,2025-05-07 00:00:00
Desmatamento,destruicao de vegetacao nativa avanca sobre areas de reserva permanente em municipios do norte,Negativa,88.3,6.1,5.6,2025-05-07 00:00:00
Outros,eventos culturais ganham espaco para acoes ecologicas e reciclagem de residuos,Neutra,11.8,20.8,67.4,2025-05-07 00:00:00
Poluição,niveis de metais pesados em rios urbanos ultrapassam limites seguros segundo pesquisa,Negativa,85.4,7.4,7.2,2025-05-07 00:00:00
Conservação,area de protecao ambiental recebe doacoes e amplia monitoramento por satelite,Positiva,9.0,78.1,12.9,2025-05-07 00:00:00
Queimadas,serie de incendios afeta producao agricola e ameaca biodiversidade em zona rural,Negativa,87.5,6.7,5.8,2025-05-07 00:00:00
Restauração Ecológica,mutirao comunitario recupera trecho de floresta degradada com plantio de mudas nativas,Positiva,8.8,77.3,13.9,2025-05-07 00:00:00
Mudanças Climáticas,fortes enchentes deixam comunidades isoladas e provocam prejuizos em regioes costeiras,Negativa,83.9,8.0,8.1,2025-05-07 00:00:00
Biodiversidade,santuario natural registra nascimento de especies ameacadas apos acoes de preservacao,Positiva,9.1,78.6,12.3,2025-05-07 00:00:00
Políticas Públicas,municipios aprovam consorcio para gerir residuos solidos e promover reciclagem,Positiva,10.2,75.8,14.0,2025-05-07 00:00:00
Tecnologia Ambiental,nanotecnologia e usada para criar solucoes de despoluicao de aguas contaminadas,Positiva,9.6,77.4,13.0,2025-05-07 00:00:00
Desmatamento,expansao urbana desordenada avanca sobre areas verdes e causa desequilibrio ambiental,Negativa,86.6,7.5,5.9,2025-05-07 00:00:00
Outros,grupo de escoteiros realiza acoes ambientais em reservas florestais regionais,Neutra,12.3,21.0,66.7,2025-05-07 00:00:00
Poluição,fumaca de queimadas afeta qualidade do ar em cidades proximas a zonas de conflito agrario,Negativa,84.9,8.2,6.9,2025-05-07 00:00:00
Conservação,parque nacional reforca seguranca para combater invasoes e garantir protecao de fauna e flora,Positiva,8.7,78.8,12.5,2025-05-07 00:00:00
Queimadas,relatorios apontam recordes de focos de calor no bioma do cerrado durante o mes de maio,Negativa,87.2,6.4,6.4,2025-05-07 00:00:00
Restauração Ecológica,estudantes promovem acao de reflorestamento em areas urbanas como parte de projeto escolar,Positiva,9.7,77.1,13.2,2025-05-07 00:00:00
Mudanças Climáticas,ondas de calor afetam distribuicao de energia e provocam apagoes em varias cidades,Negativa,82.8,9.0,8.2,2025-05-07 00:00:00
Biodiversidade,programa estadual protege habitats de especies endemicas e incentiva turismo ecologico,Positiva,9.3,78.0,12.7,2025-05-07 00:00:00
Políticas Públicas,nova politica nacional de residuos solidos e sancionada com metas de reducao e reuso,Positiva,10.0,76.7,13.3,2025-05-07 00:00:00
Tecnologia Ambiental,sensores inteligentes monitoram em tempo real qualidade do ar em escolas publicas,Positiva,9.2,78.5,12.3,2025-05-07 00:00:00
Desmatamento,fotos de satelite mostram avanco do desmatamento em zonas antes preservadas da mata atlantica,Negativa,87.7,5.7,6.6,2025-05-07 00:00:00
Outros,exposicao itinerante apresenta solucoes sustentaveis e atrai visitantes em shopping centers,Neutra,12.1,20.3,67.6,2025-05-07 00:00:00
Poluição,despejo ilegal de residuos industriais em rios causa mortandade de peixes e revolta de pescadores,Negativa,85.2,7.9,6.9,2025-05-07 00:00:00
Conservação,voluntarios se reunem para limpar praias e conscientizar turistas sobre lixo marinho,Positiva,8.9,77.6,13.5,2025-05-07 00:00:00
Queimadas,fumaca de incendios atinge cidades vizinhas e afeta voos e atendimentos hospitalares,Negativa,86.4,6.3,7.3,2025-05-07 00:00:00
Restauração Ecológica,parceria entre prefeitura e universidade viabiliza reflorestamento em area urbana degradada,Positiva,9.5,76.9,13.6,2025-05-07 00:00:00
Mudanças Climáticas,baixa umidade e calor intenso elevam risco de queimadas no interior do pais,Negativa,84.3,8.3,7.4,2025-05-07 00:00:00
Biodiversidade,estudo indica recuperacao de especies apos cinco anos de protecao integral em area remota,Positiva,9.0,79.3,11.7,2025-05-07 00:00:00
Políticas Públicas,assembleia aprova criacao de fundo para emergencias ambientais com recursos estaduais,Positiva,10.5,75.2,14.3,2025-05-07 00:00:00
Tecnologia Ambiental,dispositivo portatil mede niveis de poluicao sonora e informa usuario em tempo real,Positiva,9.4,78.2,12.4,2025-05-07 00:00:00
Desmatamento,exploracao de madeira ilegal avanca em territorios protegidos e ameaca biodiversidade local,Negativa,89.0,5.5,5.5,2025-05-07 00:00:00
Outros,acoes culturais unem arte e sustentabilidade para promover educacao ambiental em comunidades,Neutra,11.5,21.5,66.0,2025-05-07 00:00:00
Poluição,pesquisa detecta microplasticos em sistemas de abastecimento de agua urbana,Negativa,85.7,7.6,6.7,2025-05-07 00:00:00
Conservação,iniciativa privada investe em recuperacao de nascentes e preservacao de mananciais,Positiva,9.1,78.7,12.2,2025-05-07 00:00:00
Queimadas,organizacoes denunciam falta de fiscalizacao em areas criticas com alta incidencia de fogo,Negativa,86.9,6.8,6.3,2025-05-07 00:00:00
Restauração Ecológica,projeto piloto transforma area degradada em jardim de especies nativas com apoio comunitario,Positiva,9.3,77.9,12.8,2025-05-07 00:00:00
Mudanças Climáticas,alta do nivel do mar ameaca comunidades costeiras e exige planos de adaptacao urgente,Negativa,85.8,7.0,7.2,2025-05-07 00:00:00
Biodiversidade,fauna ameacada retorna apos implantacao de corredor ecologico entre reservas ambientais,Positiva,8.8,79.0,12.2,2025-05-07 00:00:00
Políticas Públicas,governo amplia verba para pesquisa ambiental em universidades publicas,Positiva,10.1,76.5,13.4,2025-05-07 00:00:00
Tecnologia Ambiental,startup desenvolve robos subaquaticos para limpeza de residuos solidos em lagos urbanos,Positiva,9.6,78.0,12.4,2025-05-07 00:00:00
Desmatamento,atividade de mineracao em expansao ameaca cobertura vegetal em regioes protegidas,Negativa,88.2,6.3,5.5,2025-05-07 00:00:00
Outros,acoes em escolas publicas incluem hortas comunitarias e educacao alimentar,Neutra,11.9,20.4,67.7,2025-05-07 00:00:00
Poluição,emissoes industriais aumentam apos queda na fiscalizacao e preocupam ambientalistas,Negativa,84.5,8.1,7.4,2025-05-07 00:00:00
Conservação,instituicao lanca plataforma de transparencia sobre investimentos em areas verdes,Positiva,9.2,78.4,12.4,2025-05-07 00:00:00
Queimadas,regiao norte registra recorde de queimadas com prejuizos a saude e agricultura,Negativa,87.3,6.0,6.7,2025-05-07 00:00:00
Restauração Ecológica,empresas aderem a reflorestamento como forma de compensacao ambiental voluntaria,Positiva,9.0,78.8,12.2,2025-05-07 00:00:00
Mudanças Climáticas,relatorio aponta aumento da frequencia de eventos climaticos extremos no pais,Negativa,85.1,7.9,7.0,2025-05-08 00:00:00
Biodiversidade,criacao de corredor ecologico liga biomas e facilita migracao de especies ameacadas,Positiva,9.5,77.6,12.9,2025-05-08 00:00:00
Políticas Públicas,cidades medias implementam programas obrigatorios de coleta seletiva,Positiva,10.3,76.1,13.6,2025-05-08 00:00:00
Tecnologia Ambiental,satelites de ultima geracao ajudam a prever incendios em tempo real com maior precisao,Positiva,9.7,77.2,13.1,2025-05-08 00:00:00
Desmatamento,avaliacoes indicam queda na cobertura vegetal em areas indigenas por pressao agricola,Negativa,89.1,5.2,5.7,2025-05-08 00:00:00
Outros,feiras sustentaveis oferecem produtos organicos e alternativas ecologicas para o publico urbano,Neutra,11.4,20.9,67.7,2025-05-08 00:00:00
Poluição,residuos plasticos sao encontrados em peixes consumidos por moradores de zonas costeiras,Negativa,86.2,7.3,6.5,2025-05-08 00:00:00
Conservação,parcerias entre ongs e setor privado recuperam areas ciliares em regioes agricolas,Positiva,8.9,78.9,12.2,2025-05-08 00:00:00
Queimadas,queimadas provocam cancelamentos de voos e fechamento de estradas em estados do centro oeste,Negativa,87.7,6.1,6.2,2025-05-08 00:00:00
Restauração Ecológica,alunos de escolas publicas plantam arvores em projetos de recuperacao urbana,Positiva,9.4,77.5,13.1,2025-05-08 00:00:00
Mudanças Climáticas,temperaturas noturnas mais altas afetam produtividade agricola em varias regioes,Negativa,84.0,8.3,7.7,2025-05-08 00:00:00
Biodiversidade,pesquisadores descobrem nova especie de planta em regiao intocada do bioma amazonico,Positiva,8.6,80.2,11.2,2025-05-08 00:00:00
Políticas Públicas,projeto piloto preve substituicao de iluminacao publica por lampadas solares,Positiva,9.8,77.8,12.4,2025-05-08 00:00:00
Tecnologia Ambiental,estacao de monitoramento ambiental e inaugurada para coleta de dados sobre ar e solo,Positiva,9.3,78.1,12.6,2025-05-08 00:00:00
Desmatamento,falta de fiscalizacao permite avanco do desmatamento em parques estaduais,Negativa,88.0,6.5,5.5,2025-05-08 00:00:00
Outros,comunidades organizam mutirao para coleta de lixo e plantio de arvores em pracas publicas,Neutra,12.2,21.1,66.7,2025-05-08 00:00:00
Poluição,ar saturado por poluentes causa aumento em atendimentos hospitalares por problemas respiratorios,Negativa,85.0,7.8,7.2,2025-05-08 00:00:00
Conservação,campanha arrecada recursos para compra de terras destinadas a protecao de ecossistemas,Positiva,9.1,78.3,12.6,2025-05-08 00:00:00
Queimadas,relatorios apontam prejuizos milionarios com queimadas na pecuaria e agricultura,Negativa,87.6,6.2,6.2,2025-05-08 00:00:00
Restauração Ecológica,tecnologia de drones auxilia plantio em larga escala em areas devastadas,Positiva,9.9,77.0,13.1,2025-05-08 00:00:00
Mudanças Climáticas,estudo revela que aumento do nivel do mar pode deslocar milhoes ate 2050,Negativa,85.5,7.1,7.4,2025-05-08 00:00:00
Biodiversidade,numero de especies em areas reabilitadas dobra apos tres anos de manejo correto,Positiva,9.2,78.7,12.1,2025-05-08 00:00:00
Políticas Públicas,governo anuncia plano de compensacao ambiental para obras publicas de impacto,Positiva,10.0,76.4,13.6,2025-05-08 00:00:00
Tecnologia Ambiental,nova tecnologia permite reaproveitamento de agua da chuva com seguranca e eficiencia,Positiva,9.5,77.9,12.6,2025-05-08 00:00:00
Desmatamento,expansao do setor agropecuario acelera perda de cobertura florestal na fronteira agricola,Negativa,89.3,5.3,5.4,2025-05-08 00:00:00
Outros,exposicao itinerante leva ciencia ambiental a escolas da rede publica,Neutra,11.6,20.6,67.8,2025-05-08 00:00:00
Poluição,numero de lixoes a ceu aberto aumenta apos fim de contrato com empresas de coleta,Negativa,86.1,6.9,7.0,2025-05-08 00:00:00
Conservação,comunidade tradicional estabelece acordo para preservacao de area costeira,Positiva,9.0,78.5,12.5,2025-05-08 00:00:00
Queimadas,vento forte espalha incendio em reserva e compromete estrutura de combate ao fogo,Negativa,88.5,5.9,5.6,2025-05-08 00:00:00
Restauração Ecológica,voluntarios criam viveiro para abastecer projetos de reflorestamento urbano,Positiva,9.6,77.2,13.2,2025-05-08 00:00:00
Mudanças Climáticas,agricultores relatam perdas devido a seca prolongada e mudanca nos regimes de chuva,Negativa,83.7,8.9,7.4,2025-05-08 00:00:00
Biodiversidade,uso de armadilhas fotograficas revela animais raros em reserva recem protegida,Positiva,8.7,79.1,12.2,2025-05-08 00:00:00
Políticas Públicas,estado aprova lei de protecao ambiental que obriga recuperacao de areas degradadas,Positiva,10.4,75.9,13.7,2025-05-08 00:00:00
Queimadas,incendio atinge area de preservacao e causa perdas em fauna e flora nativas,Negativa,88.3,5.9,5.8,2025-05-08 00:00:00
Restauração Ecológica,comunidade quilombola recupera nascente com tecnicas agroecologicas,Positiva,9.4,78.0,12.6,2025-05-08 00:00:00
Mudanças Climáticas,ondas de calor extremo afetam saude publica e provocam aumento de internacoes,Negativa,86.9,6.7,6.4,2025-05-08 00:00:00
Biodiversidade,populacao de passaros silvestres aumenta em areas replantadas,Positiva,8.9,78.7,12.4,2025-05-08 00:00:00
Políticas Públicas,novas diretrizes ambientais sao implementadas em programas habitacionais,Positiva,10.2,76.8,13.0,2025-05-08 00:00:00
Tecnologia Ambiental,universidade cria sensor para medir qualidade do solo em tempo real,Positiva,9.1,78.6,12.3,2025-05-08 00:00:00
Desmatamento,expansao de rodovia ameaca mata ciliar e especies endemicas,Negativa,87.2,6.1,6.7,2025-05-08 00:00:00
Outros,feira escolar promove troca de livros usados e oficinas de reciclagem,Neutra,11.7,21.0,67.3,2025-05-08 00:00:00
Poluição,rios urbanos recebem toneladas de lixo flutuante apos temporal,Negativa,85.6,7.5,6.9,2025-05-08 00:00:00
Conservação,reserva privada ganha reconhecimento internacional por praticas sustentaveis,Positiva,9.5,78.2,12.3,2025-05-08 00:00:00
Queimadas,fumaca densa de queimadas fecha escolas e postos de saude no interior,Negativa,88.1,5.8,6.1,2025-05-08 00:00:00
Restauração Ecológica,jovens lideram projeto de recuperacao ambiental em zona periferica,Positiva,9.7,77.4,12.9,2025-05-08 00:00:00
Mudanças Climáticas,glaciares derretem em ritmo recorde e ameacam abastecimento de agua potavel,Negativa,86.4,6.8,6.8,
Biodiversidade,ajuda internacional e direcionada a areas criticas de conservacao no cerrado,Positiva,8.8,79.0,12.2,2025-05-08 00:00:00
Políticas Públicas,estado lanca fundo para financiar pequenas iniciativas ecologicas,Positiva,10.0,77.0,13.0,2025-05-08 00:00:00
Tecnologia Ambiental,sistema automatizado otimiza irrigacao e reduz desperdicio em areas agricolas,Positiva,9.6,78.1,12.3,2025-05-08 00:00:00
Desmatamento,monitoramento mostra novo aumento do desmatamento ilegal em areas protegidas,Negativa,89.0,5.3,5.7,2025-05-08 00:00:00
Outros,bairro transforma terrenos baldios em jardins coletivos com participacao popular,Neutra,12.0,20.2,67.8,2025-05-08 00:00:00
Poluição,nivel de poluentes no ar supera limite recomendado por dias consecutivos,Negativa,84.7,7.6,7.7,2025-05-08 00:00:00
Conservação,acordo entre universidade e prefeitura amplia protecao de manguezais,Positiva,9.3,77.7,13.0,2025-05-08 00:00:00
Queimadas,area de cultivo e destruida por incendio fora de controle durante a noite,Negativa,88.7,5.6,5.7,2025-05-08 00:00:00
Restauração Ecológica,parcerias com agricultores familiares resultam em reflorestamento de encostas,Positiva,9.8,76.9,13.3,2025-05-08 00:00:00
Mudanças Climáticas,cidades costeiras desenvolvem plano de evacuacao por risco de alagamento,Negativa,85.2,7.1,7.7,2025-05-08 00:00:00
Biodiversidade,atividades de turismo ecologico ajudam a financiar pesquisa e conservacao,Positiva,9.0,78.9,12.1,2025-05-08 00:00:00
Políticas Públicas,nova politica de residuos solidos preve incentivos a compostagem urbana,Positiva,10.5,75.8,13.7,2025-05-08 00:00:00
Tecnologia Ambiental,startup lanca equipamento portatil para monitorar qualidade do ar,Positiva,9.4,78.4,12.2,2025-05-08 00:00:00
Desmatamento,fronteira agricola cresce sobre mata nativa e pressiona biodiversidade,Negativa,87.9,6.2,5.9,2025-05-08 00:00:00
Outros,universidade promove curso gratuito sobre permacultura e agricultura regenerativa,Neutra,11.3,21.5,67.2,2025-05-08 00:00:00
Poluição,esgoto sem tratamento continua a ser despejado em rios da capital,Negativa,86.0,6.8,7.2,2025-05-08 00:00:00
Conservação,ongs unem esforcos para preservar especies ameacadas em biomas pouco estudados,Positiva,9.2,78.5,12.3,2025-05-08 00:00:00
Queimadas,uso indevido do fogo em propriedades rurais agrava temporada de incendios,Negativa,88.9,5.5,5.6,2025-05-08 00:00:00
Restauração Ecológica,mudanca de legislacao facilita acesso a verbas para reflorestamento comunitario,Positiva,9.9,77.1,13.0,2025-05-08 00:00:00
Mudanças Climáticas,soja e milho tem perdas significativas com calor fora de epoca,Negativa,84.9,7.7,7.4,2025-05-08 00:00:00
Biodiversidade,nova estacao de pesquisa fortalece estudos sobre flora endemica,Positiva,8.7,79.2,12.1,2025-05-08 00:00:00
Políticas Públicas,cidade do interior adota plano diretor verde com metas sustentaveis ate 2030,Positiva,10.3,76.5,13.2,2025-05-08 00:00:00
Tecnologia Ambiental,plataforma online conecta doadores a projetos de recuperacao ambiental,Positiva,9.7,77.3,13.0,2025-05-08 00:00:00
Desmatamento,falhas em sistema de licenciamento ambiental favorecem ocupacoes ilegais,Negativa,89.5,5.1,5.4,2025-05-08 00:00:00
Outros,eventos culturais destacam saberes tradicionais em praticas ecologicas,Neutra,12.1,20.8,67.1,2025-05-08 00:00:00
Poluição,nuvem toxica afeta bairros industriais e exige evacuacao preventiva,Negativa,85.3,7.0,7.7,2025-05-08 00:00:00
Conservação,fauna local se recupera apos anos de protecao efetiva em parque estadual,Positiva,9.1,78.6,12.3,2025-05-08 00:00:00
Queimadas,relatos indicam animais mortos por fogo em reservas naturais nao monitoradas,Negativa,87.8,6.3,5.9,2025-05-08 00:00:00
Restauração Ecológica,experiencia internacional inspira reflorestamento em zona arida do nordeste,Positiva,9.6,77.8,12.6,2025-05-08 00:00:00
Mudanças Climáticas,energia solar cresce mas ainda nao compensa perdas causadas por eventos extremos,Neutra,10.8,21.4,67.8,2025-05-08 00:00:00
Biodiversidade,mutirao registra especies ameacadas e reforca importancia de areas preservadas,Positiva,9.0,78.8,12.2,2025-05-08 00:00:00
Políticas Públicas,municipio adota politica de incentivo a telhados verdes e fachadas vegetadas,Positiva,10.1,76.6,13.3,2025-05-08 00:00:00
Tecnologia Ambiental,rede de sensores detecta focos de incendio com antecedencia de horas,Positiva,9.8,77.2,13.0,2025-05-08 00:00:00
Desmatamento,fiscalizacao deficiente contribui para avanco da grilagem em area protegida,Negativa,88.6,5.7,5.7,2025-05-08 00:00:00
Outros,escola publica transforma patio em horta agroecologica com envolvimento da comunidade,Neutra,11.8,20.9,67.3,2025-05-08 00:00:00
Queimadas,sistema de transporte e interrompido apos fumaca tomar rodovia federal,Negativa,87.5,6.0,6.5,2025-05-08 00:00:00
Restauração Ecológica,comunidade indigena revitaliza area degradada com apoio de universidades,Positiva,9.2,78.4,12.4,2025-05-08 00:00:00
Mudanças Climáticas,fenomenos climaticos extremos atrasam safra agricola e afetam exportacoes,Negativa,85.7,6.8,7.5,2025-05-08 00:00:00
Biodiversidade,monitoramento aereo detecta retorno de especies em areas reflorestadas,Positiva,8.6,79.3,12.1,2025-05-08 00:00:00
Políticas Públicas,nova lei obriga preservacao de vegetacao nativa em projetos habitacionais,Positiva,10.6,75.7,13.7,2025-05-08 00:00:00
Tecnologia Ambiental,equipe brasileira desenvolve drone para plantio de sementes em larga escala,Positiva,9.3,78.1,12.6,2025-05-08 00:00:00
Desmatamento,documentos falsos sao usados para legalizar desmatamento em terras publicas,Negativa,88.8,5.6,5.6,2025-05-08 00:00:00
Outros,espacos urbanos sao redesenhados para incluir areas verdes e passagens de fauna,Neutra,11.5,21.3,67.2,2025-05-08 00:00:00
Poluição,mare negra se aproxima de arquipelago turistico e ameaca ecossistema,Negativa,86.1,6.6,7.3,2025-05-08 00:00:00
Conservação,governo firma convenio para proteger maior area continua de floresta nativa,Positiva,9.9,77.0,13.1,2025-05-08 00:00:00
Queimadas,plantacao de eucalipto e consumida pelo fogo e causa prejuizo milionario,Negativa,87.9,5.9,6.2,2025-05-08 00:00:00
Restauração Ecológica,parceria entre ongs e escolas gera viveiro comunitario de mudas,Positiva,9.5,77.6,12.9,2025-05-08 00:00:00
Mudanças Climáticas,cheias historicas desabrigam milhares e colocam cidades em estado de emergencia,Negativa,86.7,6.4,6.9,2025-05-08 00:00:00
Biodiversidade,campanha nacional incentiva preservacao de insetos polinizadores,Positiva,8.4,79.5,12.1,2025-05-08 00:00:00
Políticas Públicas,programa de incentivo fiscal premia empresas com baixa emissao de carbono,Positiva,10.7,75.9,13.4,2025-05-08 00:00:00
Tecnologia Ambiental,aplicativo ajuda agricultores a prever pragas e doencas com base em clima,Positiva,9.1,78.7,12.2,2025-05-08 00:00:00
Desmatamento,exploracao madeireira avanca sobre terra indigena e causa tensao local,Negativa,89.1,5.3,5.6,2025-05-08 00:00:00
Outros,bibliotecas comunitarias oferecem acervos tematicos sobre meio ambiente,Neutra,11.9,20.6,67.5,2025-05-08 00:00:00
Poluição,empresa e multada por descarte irregular de residuos quimicos,Negativa,85.8,6.9,7.3,2025-05-08 00:00:00
Conservação,nova trilha ecologica valoriza mata atlantica e atrai turistas conscientes,Positiva,9.6,77.9,12.5,2025-05-08 00:00:00
Queimadas,regiao de cerrado sofre incendios consecutivos com perda de hectares nativos,Negativa,88.2,5.7,6.1,2025-05-08 00:00:00
Restauração Ecológica,hortas urbanas revitalizam espacos ociosos e promovem inclusao social,Positiva,9.4,78.0,12.6,2025-05-08 00:00:00
Mudanças Climáticas,ondas de calor forcam fechamento de escolas em regioes metropolitanas,Negativa,85.3,7.2,7.5,2025-05-08 00:00:00
Biodiversidade,pesquisadores descobrem novas especies em area recempreservada,Positiva,8.8,78.8,12.4,2025-05-08 00:00:00
Políticas Públicas,projeto de lei preve bonus para proprietarios que mantem mata nativa intacta,Positiva,10.4,76.3,13.3,2025-05-08 00:00:00
Tecnologia Ambiental,sensor inteligente mede umidade do solo e evita desperdicio hidrico,Positiva,9.7,77.4,12.9,2025-05-08 00:00:00
Desmatamento,relatorios mostram aumento de 30 por cento no desmatamento em comparacao ao ano anterior,Negativa,89.6,5.0,5.4,2025-05-08 00:00:00
Outros,grupo de escoteiros planta mudas em areas degradadas e promove educacao ambiental,Neutra,12.0,20.4,67.6,2025-05-08 00:00:00
Poluição,odor forte e manchas em corrego alertam moradores sobre possivel contaminacao,Negativa,86.3,6.7,7.0,2025-05-08 00:00:00
Conservação,iniciativa privada financia criacao de corredor ecologico entre reservas,Positiva,9.2,78.3,12.5,2025-05-08 00:00:00
Queimadas,acidente com bituca de cigarro provoca incendio em parque urbano,Negativa,88.0,5.8,6.2,2025-05-08 00:00:00
Restauração Ecológica,novas tecnicas de plantio aceleram recuperacao de areas desmatadas,Positiva,9.0,78.5,12.5,2025-05-08 00:00:00
Mudanças Climáticas,tempestade tropical interrompe fornecimento de energia e agua em varias cidades,Negativa,86.5,6.5,7.0,2025-05-08 00:00:00
Biodiversidade,fauna aquatica reaparece em lagoas restauradas apos decadas de ausencia,Positiva,8.5,79.6,11.9,2025-05-08 00:00:00
Políticas Públicas,novo plano urbano incentiva mobilidade ativa e corredores verdes,Positiva,10.9,75.6,13.5,2025-05-08 00:00:00
Tecnologia Ambiental,tecnologia blockchain comeca a ser usada para rastrear cadeia de producao sustentavel,Positiva,9.8,77.5,12.7,2025-05-08 00:00:00
Desmatamento,grande operacao flagra extracao ilegal de madeira em area protegida,Negativa,89.3,5.2,5.5,2025-05-08 00:00:00
Outros,festival de arte ecologica reune artistas e ambientalistas em atividades gratuitas,Neutra,11.6,21.1,67.3,2025-05-08 00:00:00
Poluição,volume de microplasticos encontrados em praias atinge niveis alarmantes,Negativa,86.2,6.7,7.1,2025-05-08 00:00:00
Conservação,apoio internacional fortalece protecao de areas costeiras ameacadas,Positiva,9.0,78.9,12.1,2025-05-08 00:00:00
Queimadas,relatorios mostram falha na prevencao de incendios em unidades de conservacao,Negativa,87.6,6.0,6.4,2025-05-08 00:00:00
Restauração Ecológica,grupo de estudantes transforma area abandonada em floresta urbana,Positiva,9.3,78.2,12.5,2025-05-08 00:00:00
Mudanças Climáticas,aumento da temperatura eleva consumo de energia e sobrecarrega sistema eletrico,Negativa,85.1,7.3,7.6,2025-05-08 00:00:00
Biodiversidade,santuario ecologico amplia area de protecao apos doacoes voluntarias,Positiva,8.9,78.7,12.4,2025-05-08 00:00:00
Políticas Públicas,projeto comunitario recebe reconhecimento nacional por inovacao ambiental,Positiva,10.0,76.7,13.3,2025-05-08 00:00:00
Tecnologia Ambiental,equipamento usa inteligencia artificial para prever riscos de erosao,Positiva,9.6,77.8,12.6,2025-05-08 00:00:00
Desmatamento,satelites registram novos focos de desmate em regiao de fronteira agricola,Negativa,88.5,5.5,6.0,2025-05-08 00:00:00
Outros,cursos tecnicos gratuitos capacitam jovens em sustentabilidade e gestao ambiental,Neutra,11.4,21.2,67.4,2025-05-08 00:00:00
Queimadas,fogo atinge reserva ambiental e moradores sao retirados as pressas,Negativa,88.3,5.8,5.9,2025-05-08 00:00:00
Restauração Ecológica,projeto leva arborizacao urbana a bairros perifericos com apoio da comunidade,Positiva,9.5,78.3,12.2,2025-05-08 00:00:00
Mudanças Climáticas,elevacao do nivel do mar ameaca comunidades costeiras do nordeste,Negativa,86.4,6.2,7.4,2025-05-08 00:00:00
Biodiversidade,voluntarios constroem abrigo para animais resgatados em area de reflorestamento,Positiva,9.1,78.8,12.1,2025-05-08 00:00:00
Políticas Públicas,lei obriga instalacao de telhado verde em novos predios publicos,Positiva,10.2,76.4,13.4,2025-05-08 00:00:00
Tecnologia Ambiental,estudantes criam dispositivo de baixo custo para filtrar agua de rios,Positiva,9.8,77.5,12.7,2025-05-08 00:00:00
Desmatamento,relatorio aponta aumento recorde na derrubada de florestas tropicais,Negativa,89.7,5.0,5.3,2025-05-08 00:00:00
Outros,feira ambiental reune startups e escolas para debater sustentabilidade,Neutra,11.7,20.7,67.6,2025-05-08 00:00:00
Poluição,acumulo de lixo compromete abastecimento de agua em cidade do interior,Negativa,85.5,6.9,7.6,2025-05-08 00:00:00
Conservação,ong internacional doa recursos para proteger ecossistemas ameacados,Positiva,9.9,78.0,12.1,2025-05-08 00:00:00
Queimadas,incendios consomem vegetacao e ameacam rodovias importantes,Negativa,88.5,5.7,6.0,2025-05-08 00:00:00
Restauração Ecológica,comunidade transforma lixao desativado em parque ecologico,Positiva,9.6,78.1,12.4,2025-05-08 00:00:00
Mudanças Climáticas,aumento de temperaturas impacta colheita e reduz produtividade agricola,Negativa,85.3,7.1,7.6,2025-05-08 00:00:00
Biodiversidade,pesquisadores identificam ave rara em area antes degradada,Positiva,8.7,79.2,12.1,2025-05-08 00:00:00
Políticas Públicas,incentivo federal amplia cobertura vegetal urbana em grandes cidades,Positiva,10.5,75.8,13.7,2025-05-08 00:00:00
Tecnologia Ambiental,sistema inteligente controla irrigacao com base em sensores climaticos,Positiva,9.4,78.4,12.2,2025-05-08 00:00:00
Desmatamento,areas ilegais sao descobertas durante operacao de fiscalizacao,Negativa,89.2,5.4,5.6,2025-05-08 00:00:00
Outros,museu lanca exposicao sobre mudancas no clima e o futuro do planeta,Neutra,12.1,20.5,67.4,2025-05-08 00:00:00
Poluição,denuncia revela despejo de esgoto industrial em rio urbano,Negativa,86.6,6.3,7.1,2025-05-08 00:00:00
Conservação,novas reservas sao criadas para preservar biomas ameacados,Positiva,9.7,78.6,12.3,2025-05-08 00:00:00
Queimadas,grande incendio obriga suspensao de aulas e fechamento de comercios,Negativa,88.1,6.0,6.1,2025-05-08 00:00:00
Restauração Ecológica,empresa privada planta milhares de arvores como compensacao ambiental,Positiva,9.2,78.9,12.0,2025-05-08 00:00:00
Mudanças Climáticas,mudanca no regime de chuvas afeta abastecimento e reservatorios,Negativa,85.9,6.6,7.2,2025-05-08 00:00:00
Biodiversidade,iniciativa local promove soltura de animais reabilitados na natureza,Positiva,8.9,79.0,12.1,2025-05-08 00:00:00
Políticas Públicas,governo lanca plataforma de monitoramento ambiental com dados abertos,Positiva,10.8,75.7,13.5,2025-05-08 00:00:00
Tecnologia Ambiental,rede de sensores detecta contaminacao em tempo real e previne tragedias,Positiva,9.5,78.2,12.4,2025-05-08 00:00:00
Desmatamento,fronteiras agricolas pressionam areas preservadas e geram conflitos,Negativa,89.0,5.5,5.9,2025-05-08 00:00:00
Outros,documentario brasileiro ganha premio por mostrar a vida em reservas extrativistas,Neutra,11.3,21.1,67.6,2025-05-08 00:00:00
Poluição,poluicao sonora afeta fauna em parques urbanos segundo novo estudo,Negativa,86.8,6.1,7.0,2025-05-08 00:00:00
Conservação,pescadores criam sistema de rodizio para proteger fauna aquatica,Positiva,9.0,78.7,12.3,2025-05-08 00:00:00
Queimadas,areas devastadas por fogo levam decadas para se recuperar naturalmente,Negativa,88.9,5.6,5.8,2025-05-08 00:00:00
Restauração Ecológica,plantio de arvores frutiferas melhora renda de pequenos agricultores,Positiva,9.3,78.5,12.4,2025-05-08 00:00:00
Mudanças Climáticas,fenomeno climatico intenso causa danos a infraestrutura urbana,Negativa,86.0,6.4,7.1,2025-05-08 00:00:00
Biodiversidade,cientistas encontram especie de planta considerada extinta,Positiva,8.6,79.3,12.1,2025-05-08 00:00:00
Políticas Públicas,estudo mostra impacto positivo de politicas ambientais na saude publica,Positiva,10.3,76.1,13.4,2025-05-08 00:00:00
Tecnologia Ambiental,nanotecnologia e usada para limpar residuos toxicos do solo,Positiva,9.6,78.3,12.2,2025-05-08 00:00:00
Desmatamento,expansao urbana invade areas protegidas e compromete corredores ecologicos,Negativa,89.4,5.2,5.7,2025-05-08 00:00:00
Outros,projeto educacional leva sustentabilidade para escolas publicas,Neutra,11.2,21.3,67.5,2025-05-08 00:00:00
Poluição,plataforma online permite denunciar crimes ambientais de forma anonima,Neutra,11.0,21.5,67.5,2025-05-08 00:00:00
Conservação,sitios arqueologicos ganham protecao ambiental por risco de erosao,Positiva,8.8,79.1,12.1,2025-05-08 00:00:00
Queimadas,faiscas de motor geram incendio em area de protecao ambiental,Negativa,88.4,5.9,6.1,2025-05-08 00:00:00
Restauração Ecológica,convenio entre instituicoes publicas gera viveiros para reflorestamento,Positiva,9.1,78.6,12.3,2025-05-08 00:00:00
Mudanças Climáticas,alagamentos se tornam mais frequentes em areas urbanas mal planejadas,Negativa,85.6,6.7,7.3,2025-05-08 00:00:00
Biodiversidade,pesca sustentavel aumenta populacao de especies nativas em manguezais,Positiva,9.0,78.8,12.2,2025-05-08 00:00:00
Políticas Públicas,nova legislacao ambiental preve punicoes mais severas a desmatadores,Positiva,10.6,75.6,13.8,2025-05-08 00:00:00
Tecnologia Ambiental,dados de satelite auxiliam mapeamento de areas de risco ambiental,Positiva,9.7,77.6,12.7,2025-05-08 00:00:00
Desmatamento,grileiros avancam sobre areas de preservacao e desafiam autoridades,Negativa,89.5,5.1,5.4,2025-05-08 00:00:00
Outros,ecoturismo cresce e gera empregos em regioes com areas preservadas,Neutra,11.1,21.4,67.5,2025-05-08 00:00:00
Poluição,chuvas fortes arrastam lixo para os rios e aumentam risco de enchentes,Negativa,86.7,6.3,7.2,2025-05-08 00:00:00
Conservação,cidade lanca plano diretor para preservar nascentes e corredores verdes,Positiva,9.8,78.1,12.5,2025-05-08 00:00:00
Queimadas,fumaca de incendios florestais encobre cidade e afeta voos domesticos,Negativa,88.6,5.8,5.6,2025-05-08 00:00:00
Restauração Ecológica,jovens revitalizam area abandonada com hortas comunitarias e flores,Positiva,9.4,78.2,12.4,2025-05-08 00:00:00
Mudanças Climáticas,ondas de calor aumentam internacoes por desidratacao em idosos,Negativa,85.2,6.8,8.0,2025-05-08 00:00:00
Biodiversidade,nova lei protege habitats marinhos e proibe pesca predatoria,Positiva,9.6,78.9,11.5,2025-05-08 00:00:00
Políticas Públicas,cidade ganha plano para estimular transporte sustentavel e arborizacao,Positiva,10.4,76.2,13.4,2025-05-08 00:00:00
Tecnologia Ambiental,empresa desenvolve tinta que purifica o ar ao ser aplicada em paredes,Positiva,9.9,77.8,12.3,2025-05-08 00:00:00
Desmatamento,expansao ilegal do agronegocio compromete matas nativas,Negativa,89.3,5.4,5.3,2025-05-08 00:00:00
Outros,festival ambiental atrai publico para oficinas sobre reciclagem e arte,Neutra,11.5,21.0,67.5,2025-05-08 00:00:00
Poluição,falta de coleta regular agrava acumulo de lixo em bairros perifericos,Negativa,86.9,6.2,6.9,2025-05-08 00:00:00
Conservação,prefeitura cria programa para adocao de pracas e areas verdes,Positiva,9.2,78.7,12.1,2025-05-08 00:00:00
Queimadas,ventos fortes espalham chamas e dificultam acao dos bombeiros,Negativa,88.7,5.7,6.0,2025-05-08 00:00:00
Restauração Ecológica,escola rural transforma patio em mini floresta com ajuda de alunos,Positiva,9.3,78.6,12.1,2025-05-08 00:00:00
Mudanças Climáticas,escassez de chuvas obriga racionamento de agua em municipios,Negativa,85.4,6.7,7.4,2025-05-08 00:00:00
Biodiversidade,reserva estadual registra nascimento de especie ameacada de extincao,Positiva,9.1,79.0,12.2,2025-05-08 00:00:00
Políticas Públicas,nova lei permite que escolas utilizem energia solar com isencao fiscal,Positiva,10.7,75.9,13.4,2025-05-08 00:00:00
Tecnologia Ambiental,aplicativo calcula pegada de carbono e sugere mudancas sustentaveis,Positiva,9.8,77.9,12.3,2025-05-08 00:00:00
Desmatamento,ocupacoes irregulares avancam sobre areas de mata preservada,Negativa,89.1,5.5,5.5,2025-05-08 00:00:00
Outros,exposicao sobre rios e florestas percorre escolas publicas do estado,Neutra,11.6,20.9,67.5,2025-05-08 00:00:00
Poluição,material toxico e encontrado proximo a comunidade sem saneamento,Negativa,86.3,6.4,7.3,2025-05-08 00:00:00
Conservação,trilha ecologica e reaberta apos recuperacao de vegetacao nativa,Positiva,9.5,78.5,12.0,2025-05-08 00:00:00
Queimadas,zona rural enfrenta evacuacoes por risco de queimadas em fazendas,Negativa,88.3,5.9,5.8,2025-05-08 00:00:00
Restauração Ecológica,moradores criam jardim filtrante para tratar agua de esgoto,Positiva,9.7,78.1,12.2,2025-05-08 00:00:00
Mudanças Climáticas,aquecimento reduz areas propicias para cultivo de alimentos basicos,Negativa,85.1,6.9,7.5,2025-05-08 00:00:00
Biodiversidade,grupo mapeia arvores centenarias e propoe tombamento ambiental,Positiva,8.8,79.3,11.9,2025-05-08 00:00:00
Políticas Públicas,campanha incentiva reuso de agua em casas e comercios,Positiva,10.1,76.5,13.2,2025-05-08 00:00:00
Tecnologia Ambiental,sensor portatil identifica poluicao em corpos dagua com precisao,Positiva,9.4,78.3,12.3,2025-05-08 00:00:00
Desmatamento,proprietarios rurais desrespeitam limite de reserva legal em suas terras,Negativa,89.6,5.3,5.2,2025-05-08 00:00:00
Outros,projeto cultural leva teatro sobre meio ambiente para comunidades isoladas,Neutra,11.0,21.7,67.3,2025-05-08 00:00:00
Poluição,odor forte de fabrica causa desconforto em bairros proximos ao complexo,Negativa,87.2,6.0,6.8,2025-05-08 00:00:00
Conservação,arvores raras sao identificadas em mata urbana e recebem protecao,Positiva,9.0,79.1,11.9,2025-05-08 00:00:00
Queimadas,area agricola tem prejuizos apos fogo destruir parte da colheita,Negativa,88.8,5.6,6.1,2025-05-08 00:00:00
Restauração Ecológica,estudantes criam viveiro de mudas para reflorestar encostas,Positiva,9.6,78.4,12.1,2025-05-08 00:00:00
Mudanças Climáticas,derretimento de geleiras preocupa cientistas e ameaca biodiversidade,Negativa,85.8,6.5,7.6,2025-05-08 00:00:00
Biodiversidade,centro de pesquisa registra retorno de animais silvestres apos replantio,Positiva,9.2,78.8,12.0,2025-05-08 00:00:00
Tecnologia Ambiental,laboratorio nacional testa material biodegradavel feito de residuos organicos,Positiva,9.3,78.5,12.2,2025-05-08 00:00:00
Desmatamento,acao coordenada identifica desmatamento com drones e prende responsaveis,Negativa,89.0,5.4,5.6,2025-05-08 00:00:00
Outros,lideres comunitarios recebem formacao para educacao ambiental em periferias,Neutra,11.4,21.1,67.5,2025-05-08 00:00:00
Poluição,estuario sofre com lancamento de efluentes de estacao clandestina,Negativa,86.2,6.5,7.0,2025-05-08 00:00:00
Conservação,plano de manejo fortalece protecao de unidades de conservacao estaduais,Positiva,9.1,78.9,12.1,2025-05-08 00:00:00
Queimadas,fogo atinge reserva de protecao permanente e destroi hectares de vegetacao causando prejuizos irreparaveis a fauna e flora locais,Negativa,88.4,5.9,5.7,2025-05-08 00:00:00
Restauração Ecológica,moradores de vila costeira se unem para reflorestar manguezal degradado plantando mudas nativas com apoio de ongs,Positiva,9.5,78.1,12.4,2025-05-08 00:00:00
Mudanças Climáticas,estudos indicam que cidades litoraneas poderao enfrentar inundacoes frequentes devido a elevacao do nivel do mar,Negativa,85.7,6.6,7.7,2025-05-08 00:00:00
Biodiversidade,grupo de pesquisadores descobre nova especie de ave em floresta preservada reforcando a importancia da conservacao,Positiva,9.3,78.6,12.1,2025-05-08 00:00:00
Políticas Públicas,governo estadual aprova subsidio para pequenas propriedades que investem em energias renovaveis como solar e eolica,Positiva,10.2,76.8,13.0,2025-05-08 00:00:00
Tecnologia Ambiental,empresa lanca telha inteligente capaz de captar energia solar e enviar dados climaticos em tempo real para analise ambiental,Positiva,9.6,77.7,12.7,2025-05-08 00:00:00
Desmatamento,regiao amazonica registra aumento no desmatamento devido a extracao ilegal de madeira segundo relatorio de fiscalizacao federal,Negativa,89.5,5.3,5.2,2025-05-08 00:00:00
Outros,museu ambiental itinerante leva conhecimento sobre biomas brasileiros para criancas e jovens em escolas publicas e comunitarias,Neutra,11.5,21.2,67.3,2025-05-08 00:00:00
Poluição,cidade industrial enfrenta problemas respiratorios na populacao por conta da emissao de particulas toxicas em dias secos e sem vento,Negativa,87.1,6.1,6.8,2025-05-08 00:00:00
Conservação,ong cria programa de apadrinhamento de trilhas ecologicas permitindo que cidadaos cuidem de areas naturais proximas,Positiva,9.0,79.2,11.8,2025-05-08 00:00:00
Queimadas,alunos sao retirados de escola rural apos incendio se aproximar da area urbana e dificultar visibilidade das estradas,Negativa,88.6,5.7,5.7,2025-05-08 00:00:00
Restauração Ecológica,bairro periferico transforma terrenos baldios em hortas comunitarias e jardins colaborativos com apoio de mutiroes,Positiva,9.7,78.3,12.0,2025-05-08 00:00:00
Mudanças Climáticas,seca prolongada compromete abastecimento de agua e forca suspensao temporaria de irrigacao em diversas lavouras,Negativa,85.5,6.8,7.7,2025-05-08 00:00:00
Biodiversidade,cientistas registram pela primeira vez comportamento inedito de felinos selvagens em mata atlantica conservada,Positiva,9.1,79.1,11.8,2025-05-08 00:00:00
Políticas Públicas,prefeitura adota modelo de coleta seletiva porta a porta em parceria com cooperativas de reciclagem locais,Positiva,10.0,77.0,13.0,2025-05-08 00:00:00
Tecnologia Ambiental,universidade publica desenvolve drone autonomo para monitorar areas de risco ambiental e alertar sobre desmatamento,Positiva,9.8,78.0,12.2,2025-05-08 00:00:00
Desmatamento,desmatamento avanca sobre terras indigenas provocando conflitos e impactos a cultura local segundo liderancas comunitarias,Negativa,89.4,5.4,5.2,2025-05-08 00:00:00
Outros,centro cultural realiza festival de arte sustentavel com oficinas de reutilizacao de materiais e exposicoes tematicas,Neutra,11.1,21.5,67.4,2025-05-08 00:00:00
Poluição,manancial urbano sofre com despejo de esgoto domestico sem tratamento prejudicando a fauna aquatica e a saude publica,Negativa,86.7,6.3,7.0,2025-05-08 00:00:00
Conservação,reserva natural recebe recursos para implantacao de sistema de vigilancia e combate ao trafico de animais silvestres,Positiva,9.4,78.8,11.8,2025-05-08 00:00:00
Queimadas,bombeiros lutam ha dias para conter fogo que se espalhou por vegetacao seca nas encostas de serra afetando o turismo local,Negativa,88.2,5.9,5.9,2025-05-08 00:00:00
Restauração Ecológica,jovens lideram iniciativa de reflorestamento urbano plantando arvores em calcadas escolas e pracas da cidade,Positiva,9.6,78.5,11.9,2025-05-08 00:00:00
Mudanças Climáticas,produtores rurais relatam queda na produtividade de graos devido a padroes climaticos imprevisiveis e extremos,Negativa,85.9,6.6,7.5,2025-05-08 00:00:00
Biodiversidade,programa de protecao de corais mostra sinais de recuperacao apos medidas de controle de pesca e turismo desordenado,Positiva,9.2,79.0,11.8,2025-05-08 00:00:00
Políticas Públicas,cidade aprova lei que exige areas verdes minimas em novos empreendimentos habitacionais para melhorar qualidade de vida,Positiva,10.1,76.9,13.0,2025-05-08 00:00:00
Tecnologia Ambiental,pesquisadores testam bioplastico feito de bagaco de cana como alternativa para embalagens industriais,Positiva,9.3,78.6,12.1,2025-05-08 00:00:00
Desmatamento,area protegida sofre com invasoes e queimadas criminosas que desafiam a fiscalizacao e alarmam ambientalistas,Negativa,89.2,5.5,5.3,2025-05-08 00:00:00
Outros,projeto audiovisual documenta historias de comunidades afetadas por eventos climaticos extremos em regioes costeiras,Neutra,11.3,21.3,67.4,2025-05-08 00:00:00
Poluição,empresa e multada por despejar residuos industriais em solo sem tratamento adequado ameacando aquiferos subterraneos,Negativa,87.3,6.0,6.7,2025-05-08 00:00:00
Conservação,voluntarios limpam praia e retiram mais de uma tonelada de lixo promovendo conscientizacao ambiental entre moradores,Positiva,9.5,78.7,11.8,2025-05-08 00:00:00
Queimadas,relatorio aponta que incendios no cerrado triplicaram nos ultimos dois meses colocando em risco especies nativas e areas de protecao permanente,Negativa,91.2,4.8,4.0,2025-05-08 00:00:00
Restauração Ecológica,moradores de cidade do interior realizam mutirao ecologico para revitalizar nascente degradada com apoio tecnico de universidades,Positiva,8.2,81.3,10.5,2025-05-08 00:00:00
Mudanças Climáticas,climatologistas alertam que ondas de calor mais frequentes tendem a afetar a saude de populacoes vulneraveis em centros urbanos,Negativa,87.9,6.1,6.0,2025-05-08 00:00:00
Biodiversidade,descoberta de nova variedade de planta medicinal na caatinga reacende debates sobre preservacao da flora brasileira,Positiva,9.5,80.0,10.5,2025-05-08 00:00:00
Políticas Públicas,camara municipal aprova plano de arborizacao urbana que prioriza especies nativas e promove corredores ecologicos,Positiva,10.0,78.4,11.6,2025-05-08 00:00:00
Tecnologia Ambiental,centro de pesquisa desenvolve sistema automatizado de monitoramento de rios utilizando sensores e inteligencia artificial,Positiva,8.7,79.1,12.2,2025-05-08 00:00:00
Desmatamento,organizacoes denunciam avanco de desmatamento em areas de floresta atlantica comprometendo reservas legais,Negativa,90.3,5.0,4.7,2025-05-08 00:00:00
Outros,alunos criam campanha educativa sobre residuos solidos e realizam acoes de limpeza em bairros perifericos,Neutra,13.3,21.0,65.7,2025-05-08 00:00:00
Poluição,cidade enfrenta aumento de poluentes atmosfericos devido ao excesso de veiculos antigos circulando em vias urbanas,Negativa,86.4,6.7,6.9,2025-05-08 00:00:00
Conservação,comunidade indigena fortalece cultura ancestral ao proteger territorio com praticas sustentaveis e mapeamento ambiental,Positiva,9.1,80.5,10.4,2025-05-08 00:00:00
Queimadas,fogo atinge area de parque nacional e destroi habitats importantes para reproducao de aves migratorias,Negativa,88.7,5.5,5.8,2025-05-08 00:00:00
Restauração Ecológica,projeto planta mais de cinquenta mil mudas em areas urbanas degradadas com foco em reducao de ilhas de calor,Positiva,8.5,80.7,10.8,2025-05-08 00:00:00
Mudanças Climáticas,aumento na frequencia de chuvas intensas causa deslizamentos em zonas de risco e forca evacuacao de familias,Negativa,89.1,5.9,5.0,2025-05-08 00:00:00
Biodiversidade,iniciativa internacional seleciona reservas brasileiras como prioritarias para conservacao de especies ameacadas,Positiva,9.4,79.6,11.0,2025-05-08 00:00:00
Políticas Públicas,prefeitura inicia programa que remunera agricultores familiares que preservam matas ciliares e nascentes,Positiva,9.2,78.9,11.9,2025-05-08 00:00:00
Tecnologia Ambiental,startup nacional lanca solucao de reaproveitamento de agua da chuva com foco em habitacoes populares,Positiva,9.0,80.2,10.8,2025-05-08 00:00:00
Desmatamento,expansao de monoculturas ameaca biodiversidade em regioes de mata fechada com aumento de areas devastadas,Negativa,91.0,4.7,4.3,2025-05-08 00:00:00
Outros,jovens desenvolvem jogo educativo sobre sustentabilidade e reciclagem para escolas publicas,Neutra,12.0,22.0,66.0,2025-05-08 00:00:00
Poluição,empresa e investigada por despejo de residuos quimicos que atingiram fonte de abastecimento de cidade vizinha,Negativa,89.4,5.3,5.3,2025-05-08 00:00:00
Conservação,instituicao lanca projeto de educacao ambiental que atende escolas rurais com aulas praticas em reservas naturais,Positiva,8.9,81.1,10.0,2025-05-08 00:00:00
Queimadas,municipio decreta situacao de emergencia apos queimadas destruirem grandes areas de cultivo agricola,Negativa,88.0,6.1,5.9,2025-05-08 00:00:00
Restauração Ecológica,area urbana ganha viveiro municipal com mudas nativas para reflorestamento de encostas e areas publicas,Positiva,9.6,79.5,10.9,2025-05-08 00:00:00
Mudanças Climáticas,pesquisa aponta que mudancas climaticas intensificam periodos de seca prolongada no centro oeste brasileiro,Negativa,87.5,6.9,5.6,2025-05-08 00:00:00
Biodiversidade,programa de conservacao marinha garante refugio seguro para especies como tartarugas golfinhos e peixes ornamentais,Positiva,9.1,79.8,11.1,2025-05-08 00:00:00
Políticas Públicas,governo firma convenio com universidades para mapeamento de areas prioritarias para preservacao,Positiva,10.4,77.9,11.7,2025-05-08 00:00:00
Tecnologia Ambiental,sistema de compostagem automatizado promete reduzir emissao de gases em centros urbanos e gerar adubo organico,Positiva,8.8,80.9,10.3,2025-05-08 00:00:00
Desmatamento,regioes de mata atlantica perdem cobertura florestal aceleradamente por conta de obras de infraestrutura sem licenciamento,Negativa,89.8,5.6,4.6,2025-05-08 00:00:00
Outros,professores organizam feira ambiental com exposicoes sobre agua energia residuos e alimentacao saudavel,Neutra,11.5,20.0,68.5,2025-05-08 00:00:00
Poluição,relatorio tecnico mostra contaminacao de solo agricola por agrotoxicos proibidos em regioes produtoras,Negativa,90.1,5.1,4.8,2025-05-08 00:00:00
Conservação,reserva ambiental e reconhecida internacionalmente por boas praticas em manejo sustentavel e pesquisa de campo,Positiva,9.0,80.1,10.9,2025-05-08 00:00:00
Desmatamento,grandes areas de floresta nativa sao convertidas em pastagem sem autorizacao ambiental agravando crise hidrica local,Negativa,91.2,4.3,4.5,2025-05-08 00:00:00
Tecnologia Ambiental,pesquisadores desenvolvem drone capaz de identificar areas degradadas e semear especies nativas automaticamente,Positiva,7.8,83.2,9.0,2025-05-08 00:00:00
Poluição,industrias localizadas proximas a rios ignoram normas ambientais e provocam aumento da turbidez da agua,Negativa,89.5,5.2,5.3,2025-05-08 00:00:00
Mudanças Climáticas,cidades litoraneas enfrentam riscos com a elevacao do nivel do mar colocando comunidades pesqueiras em alerta,Negativa,87.0,8.1,4.9,2025-05-08 00:00:00
Conservação,organizacao nao governamental consegue proteger mil hectares de mata com apoio comunitario e financiamento internacional,Positiva,9.1,82.0,8.9,2025-05-08 00:00:00
Restauração Ecológica,projeto de reflorestamento recupera areas criticas com especies nativas e cria microclimas favoraveis a fauna,Positiva,8.2,80.3,11.5,2025-05-08 00:00:00
Políticas Públicas,plano nacional de descarbonizacao inclui incentivos para agricultura regenerativa em pequenos e medios produtores,Positiva,9.3,79.6,11.1,2025-05-08 00:00:00
Biodiversidade,estudo aponta que polinizacao natural esta sendo prejudicada pelo uso indiscriminado de agrotoxicos em lavouras,Negativa,88.8,5.6,5.6,2025-05-08 00:00:00
Outros,grupo de jovens promove ciclo de debates sobre justica climatica e equidade ambiental em escolas publicas,Neutra,13.3,21.1,65.6,2025-05-08 00:00:00
Queimadas,imagem de satelite revela avanco de queimadas em terras indigenas causando perda de biodiversidade,Negativa,90.4,5.1,4.5,2025-05-08 00:00:00
Tecnologia Ambiental,universidade publica cria aplicativo para monitoramento de emissao de carbono por veiculos urbanos,Positiva,8.5,81.0,10.5,2025-05-08 00:00:00
Desmatamento,avaliacao de orgao ambiental aponta perda acelerada de vegetacao nativa em areas de transicao do bioma amazonico,Negativa,89.9,6.0,4.1,2025-05-08 00:00:00
Conservação,iniciativa em comunidade tradicional promove uso sustentavel da floresta para geracao de renda com baixo impacto,Positiva,10.0,78.4,11.6,2025-05-08 00:00:00
Poluição,pesquisa cientifica revela contaminacao de peixes por metais pesados em rios que cortam areas industriais,Negativa,90.0,6.0,4.0,2025-05-08 00:00:00
Mudanças Climáticas,populacoes de regioes semiaridas enfrentam escassez de agua com maior frequencia por conta do aquecimento global,Negativa,88.5,5.7,5.8,2025-05-08 00:00:00
Restauração Ecológica,viveiro municipal distribui mudas para reflorestamento de encostas e criacao de corredores ecologicos,Positiva,9.0,81.5,9.5,2025-05-08 00:00:00
Políticas Públicas,novo marco legal do saneamento basico acelera obras e amplia acesso a agua tratada em comunidades rurais,Positiva,8.9,79.3,11.8,2025-05-08 00:00:00
Outros,campanha escolar mobiliza alunos para coleta de lixo eletronico e descarte adequado de baterias e pilhas,Neutra,14.5,18.2,67.3,2025-05-08 00:00:00
Queimadas,levantamento mostra que areas protegidas nao estao imunes a incendios e precisam de planos de contingencia eficazes,Negativa,87.6,7.2,5.2,2025-05-08 00:00:00
Biodiversidade,naturalistas observam queda significativa de especies de abelhas em regioes agricolas altamente mecanizadas,Negativa,88.2,5.5,6.3,2025-05-08 00:00:00
Tecnologia Ambiental,firma de biotecnologia cria enzima capaz de acelerar a decomposicao de residuos plasticos sem gerar poluentes,Positiva,8.1,82.4,9.5,2025-05-08 00:00:00
Desmatamento,investigacoes apontam que desmatamento ilegal tem ligacao com lavagem de dinheiro e grilagem de terras publicas,Negativa,91.7,4.2,4.1,2025-05-08 00:00:00
Conservação,fazendas familiares aderem a praticas agroecologicas com apoio de tecnicos ambientais e projetos governamentais,Positiva,7.9,82.0,10.1,2025-05-08 00:00:00
Poluição,volume de microplasticos detectados em mananciais proximos a zonas urbanas cresce de forma alarmante,Negativa,90.6,5.0,4.4,2025-05-08 00:00:00
Mudanças Climáticas,relatorios indicam que eventos extremos como enchentes e secas simultaneas estao mais frequentes em regioes tropicais,Negativa,88.3,6.5,5.2,2025-05-08 00:00:00
Outros,alunos criam painel informativo sobre ciclo da agua e importancia da preservacao de nascentes,Neutra,12.5,20.0,67.5,2025-05-08 00:00:00
Restauração Ecológica,acao conjunta entre voluntarios e ongs resulta no plantio de sessenta mil arvores em cinturao verde urbano,Positiva,9.4,80.6,10.0,2025-05-08 00:00:00
Queimadas,areas de cultivo extensivo contribuem para propagacao descontrolada de focos de incendio em periodos de estiagem,Negativa,89.1,6.4,4.5,2025-05-08 00:00:00
Políticas Públicas,municipio implanta programa de coleta seletiva porta a porta com meta de reducao de cinquenta por cento dos residuos,Positiva,10.3,78.2,11.5,2025-05-08 00:00:00
Biodiversidade,comunidades ribeirinhas relatam desaparecimento gradual de especies de peixes e moluscos por alteracao na qualidade da agua,Negativa,87.2,7.0,5.8,2025-05-08 00:00:00
Tecnologia Ambiental,nova tecnologia de reciclagem transforma pneus usados em asfalto ecologico com menor emissao de carbono,Positiva,9.5,81.3,9.2,2025-05-08 00:00:00
Queimadas,incendios florestais avancam sobre areas protegidas e ameacam a biodiversidade em importantes corredores ecologicos,Negativa,90.1,5.2,4.7,2025-05-08 00:00:00
Restauração Ecológica,comunidade quilombola inicia reflorestamento de encostas degradadas garantindo seguranca hidrica e recuperacao do solo,Positiva,9.4,80.5,10.1,2025-05-08 00:00:00
Mudanças Climáticas,ondas de calor intensificadas pelo aquecimento global afetam grandes centros urbanos causando impactos na saude publica,Negativa,88.5,6.3,5.2,2025-05-08 00:00:00
Biodiversidade,pesquisadores registram o primeiro avistamento de especie rara de felino em area recentemente protegida,Positiva,9.2,79.8,11.0,2025-05-08 00:00:00
Políticas Públicas,governo federal amplia incentivos para empresas que adotam praticas sustentaveis e reduzem emissoes de carbono,Positiva,10.3,77.6,12.1,2025-05-08 00:00:00
Tecnologia Ambiental,novo sistema de filtragem desenvolvido por startup brasileira promete descontaminar rios poluidos com eficiencia recorde,Positiva,8.9,80.7,10.4,2025-05-08 00:00:00
Desmatamento,exploracao ilegal de madeira cresce em territorios indigenas pressionando liderancas locais e comprometendo biodiversidade,Negativa,91.3,4.5,4.2,2025-05-08 00:00:00
Outros,projeto escolar ensina criancas sobre sustentabilidade por meio de hortas comunitarias e reciclagem criativa,Neutra,12.8,19.7,67.5,2025-05-08 00:00:00
Poluição,analises revelam niveis alarmantes de mercurio em reservatorios de abastecimento devido a despejo industrial sem controle,Negativa,89.7,5.1,5.2,2025-05-08 00:00:00
Conservação,programa de preservacao de recifes de corais apresenta resultados positivos com aumento da fauna marinha nas areas protegidas,Positiva,9.0,80.3,10.7,2025-05-08 00:00:00
Queimadas,relatorios apontam que mais de cinquenta por cento das queimadas sao provocadas por praticas agricolas inadequadas,Negativa,89.2,5.6,5.2,2025-05-08 00:00:00
Restauração Ecológica,moradores de zona urbana iniciam recuperacao de pracas abandonadas com plantio de arvores nativas e jardins filtrantes,Positiva,9.1,80.2,10.7,2025-05-08 00:00:00
Mudanças Climáticas,estudo alerta que eventos climaticos extremos como furacoes e tempestades estao cada vez mais frequentes no hemisferio sul,Negativa,87.9,6.1,6.0,2025-05-08 00:00:00
Biodiversidade,acao comunitaria ajuda a recuperar habitat de aves ameacadas com o plantio de vegetacao nativa e manejo de areas alagadas,Positiva,8.7,79.6,11.7,2025-05-08 00:00:00
Políticas Públicas,estado lanca programa de incentivo a recuperacao de areas degradadas com subsidios para produtores rurais,Positiva,10.0,78.3,11.7,2025-05-08 00:00:00
Tecnologia Ambiental,universidade cria sistema baseado em inteligencia artificial para monitorar qualidade do ar e prever picos de poluicao,Positiva,8.5,81.0,10.5,2025-05-08 00:00:00
Desmatamento,expansao da fronteira agricola sem planejamento sustentavel acelera a perda de florestas em regioes criticas,Negativa,90.5,4.8,4.7,2025-05-08 00:00:00
Outros,ativistas organizam festival ambiental com palestras sobre mudancas climaticas e solucoes ecologicas para o dia a dia,Neutra,12.5,21.0,66.5,2025-05-08 00:00:00
Poluição,residuos plasticos sao encontrados em aguas profundas de areas protegidas indicando alcance global da crise do lixo,Negativa,90.8,5.0,4.2,2025-05-08 00:00:00
Conservação,municipio inaugura parque ecologico em area antes abandonada promovendo turismo sustentavel e educacao ambiental,Positiva,9.3,78.9,11.8,2025-05-08 00:00:00
Queimadas,queimadas descontroladas provocam desabastecimento de agua em municipios do interior afetando milhares de familias,Negativa,88.6,5.9,5.5,2025-05-08 00:00:00
Restauração Ecológica,projeto comunitario recupera areas degradadas por mineracao transformando o solo em florestas produtivas,Positiva,9.5,79.4,11.1,2025-05-08 00:00:00
Mudanças Climáticas,fenomeno climatico extremo causa alagamentos em diversas cidades exigindo acao emergencial do governo,Negativa,87.4,6.2,6.4,2025-05-08 00:00:00
Biodiversidade,monitoramento indica crescimento populacional de oncas pintadas em areas de conservacao comprovando eficacia do manejo,Positiva,9.7,78.5,11.8,2025-05-08 00:00:00
Políticas Públicas,governo municipal amplia programa de reciclagem com implantacao de novos ecopontos e incentivos fiscais para empresas,Positiva,10.2,77.5,12.3,2025-05-08 00:00:00
Tecnologia Ambiental,ciencia desenvolve bioplastico feito a partir de algas marinhas como alternativa sustentavel para embalagens,Positiva,8.9,80.6,10.5,2025-05-08 00:00:00
Desmatamento,expedicao cientifica flagra areas de desmate ilegal avancando sobre unidades de conservacao e reservas ambientais,Negativa,91.0,4.7,4.3,2025-05-08 00:00:00
Outros,professores organizam feira escolar com exposicoes interativas sobre economia circular e desperdicio zero,Neutra,11.9,21.2,66.9,2025-05-08 00:00:00
Poluição,estudo aponta que despejo de residuos em manguezais ameaca cadeias alimentares marinhas e provoca extincao de especies,Negativa,89.5,5.8,4.7,2025-05-08 00:00:00
Conservação,campanha nacional incentiva plantio de arvores nativas em centros urbanos para combater ilhas de calor,Positiva,9.8,79.2,11.0,2025-05-08 00:00:00
Outros,grupo de jovens realiza debates semanais sobre sustentabilidade em escola publica com apoio de ongs locais,Neutra,12.5,18.7,68.8,2025-05-08 00:00:00
Políticas Públicas,comissao legislativa propoe revisao de leis ambientais para garantir protecao mais ampla de areas costeiras,Neutra,10.9,19.6,69.5,2025-05-08 00:00:00
Tecnologia Ambiental,pesquisa desenvolve metodo alternativo para medir emissao de carbono em tempo real com precisao ampliada,Neutra,11.4,19.8,68.8,2025-05-08 00:00:00
Conservação,relatorio tecnico apresenta situacao atual de parques nacionais com dados atualizados sobre biodiversidade,Neutra,13.2,17.1,69.7,2025-05-08 00:00:00
Outros,eventos culturais abordam temas ambientais em palestras abertas ao publico promovendo conscientizacao,Neutra,12.0,18.5,69.5,2025-05-08 00:00:00
Biodiversidade,estudo descreve padroes migratorios de aves em transicao entre ecossistemas costeiros e florestais,Neutra,13.4,16.8,69.8,2025-05-08 00:00:00
Tecnologia Ambiental,universidade lanca revista cientifica especializada em inovacao verde e sustentabilidade,Neutra,11.7,17.9,70.4,2025-05-08 00:00:00
Poluição,dados indicam que niveis de poluentes no ar mantem estabilidade apos politicas de controle de emissoes,Neutra,13.5,17.2,69.3,2025-05-08 00:00:00
Queimadas,estudo academico investiga correlacao entre praticas agricolas e ocorrencia de incendios rurais,Neutra,12.4,18.7,68.9,2025-05-08 00:00:00
Mudanças Climáticas,previsoes indicam variacoes sazonais com potencial de impacto moderado em determinadas regioes,Neutra,10.8,19.9,69.3,2025-05-08 00:00:00
Outros,mostra fotografica itinerante destaca impactos ambientais e culturais em diferentes biomas brasileiros,Neutra,11.5,18.6,69.9,2025-05-08 00:00:00
Restauração Ecológica,relatorio destaca desafios logisticos em projetos de reflorestamento de areas degradadas,Neutra,12.9,17.3,69.8,2025-05-08 00:00:00
Políticas Públicas,consulta publica avalia novas diretrizes para gestao sustentavel de residuos solidos urbanos,Neutra,10.7,20.1,69.2,2025-05-08 00:00:00
Tecnologia Ambiental,evento discute tendencias em energias renovaveis e os obstaculos a adocao em massa,Neutra,12.1,17.9,70.0,2025-05-08 00:00:00
Conservação,governo publica inventario detalhado de especies em risco em areas de conservacao federais,Neutra,11.6,19.2,69.2,2025-05-08 00:00:00
Poluição,monitoramento continuo confirma controle sobre emissao de gases toxicos em zonas industriais,Neutra,13.0,18.0,69.0,2025-05-08 00:00:00
Mudanças Climáticas,climatologistas debatem efeitos indiretos do el niño sobre o sul do continente,Neutra,10.9,19.4,69.7,2025-05-08 00:00:00
Outros,coletivo organiza ciclo de oficinas ambientais em centros comunitarios com apoio de universidades,Neutra,11.3,18.8,69.9,2025-05-08 00:00:00
Biodiversidade,relatorio tecnico apresenta contagem atualizada de especies em reservas biologicas da mata atlantica,Neutra,13.2,16.9,69.9,2025-05-08 00:00:00
Restauração Ecológica,levantamento destaca areas com potencial para projetos futuros de recuperacao florestal,Neutra,12.5,17.3,70.2,2025-05-08 00:00:00
Queimadas,analise aponta tendencia de estabilizacao das queimadas em determinadas regioes do cerrado,Neutra,13.1,18.4,68.5,2025-05-08 00:00:00
Políticas Públicas,governo estadual realiza audiencia para avaliar politicas de protecao ambiental urbana,Neutra,12.3,17.9,69.8,2025-05-08 00:00:00
Conservação,documentario apresenta a importancia da manutencao de corredores ecologicos para animais silvestres,Neutra,12.0,18.6,69.4,2025-05-08 00:00:00
Tecnologia Ambiental,pesquisadores desenvolvem aplicativo para rastrear impacto ambiental de habitos cotidianos,Neutra,11.1,20.2,68.7,2025-05-08 00:00:00
Poluição,indice de qualidade do ar mantemse estavel em metropoles brasileiras segundo boletins recentes,Neutra,12.8,17.5,69.7,2025-05-08 00:00:00
Outros,populacao e convidada a participar de mutiroes para educacao ambiental em escolas publicas,Neutra,12.2,18.3,69.5,2025-05-08 00:00:00
Mudanças Climáticas,projecoes sugerem que regioes costeiras poderao sofrer alteracoes climaticas moderadas,Neutra,11.6,18.7,69.7,2025-05-08 00:00:00
Biodiversidade,congresso cientifico reune especialistas para apresentar avancos no mapeamento genetico de especies,Neutra,13.4,16.6,70.0,2025-05-08 00:00:00
Tecnologia Ambiental,painel de especialistas discute o futuro das construcoes sustentaveis e certificacoes verdes,Neutra,12.6,18.2,69.2,2025-05-08 00:00:00
Conservação,agencias ambientais lancam cartilhas educativas sobre o uso sustentavel da fauna e flora,Neutra,11.9,17.4,70.7,2025-05-08 00:00:00
Queimadas,autoridades lancam novo sistema de alerta antecipado para focos de incendio com base em satelites,Neutra,13.3,16.7,70.0,2025-05-08 00:00:00
Desmatamento,pesquisa mapeia areas de maior risco de desmate com base em dados historicos e climaticos,Neutra,12.4,18.1,69.5,2025-05-08 00:00:00
Outros,campanhas educativas buscam conscientizar motoristas sobre emissao de gases e poluicao urbana,Neutra,11.0,19.3,69.7,2025-05-08 00:00:00
Políticas Públicas,camara aprova estudo tecnico sobre adocao de cidades inteligentes sustentaveis em areas urbanas,Neutra,12.6,17.5,69.9,2025-05-08 00:00:00
Tecnologia Ambiental,nova tecnologia promete reducao do consumo de agua em processos industriais sem comprometer a producao,Neutra,10.9,20.1,69.0,2025-05-08 00:00:00
Conservação,universidades elaboram plano de inventario de areas naturais ainda nao catalogadas,Neutra,13.1,17.2,69.7,2025-05-08 00:00:00
Poluição,avaliacao de impactos do transporte maritimo sobre a qualidade da agua e apresentada em conferencia internacional,Neutra,11.4,18.9,69.7,2025-05-08 00:00:00
Mudanças Climáticas,analise aponta pequena variacao de temperatura em zonas montanhosas com efeitos limitados,Neutra,12.5,17.3,70.2,2025-05-08 00:00:00
Outros,oficinas de reaproveitamento de materiais reutilizaveis sao oferecidas gratuitamente em centros comunitarios,Neutra,11.7,18.4,69.9,2025-05-08 00:00:00
Biodiversidade,projeto piloto busca monitorar polinizadores em areas urbanas para mapear perdas ecologicas,Neutra,12.3,18.6,69.1,2025-05-08 00:00:00
Queimadas,as queimadas estao amenizando,Neutra,0.0,0.0,100.0,2025-05-07 08:00:00
Tecnologia Ambiental,empresa brasileira desenvolve filtro sustentavel que purifica agua de rios e lagos com eficiencia elevada,Positiva,10.5,21.0,70.5,2025-05-08 00:00:00
Conservação,novas trilhas ecologicas sao inauguradas com acessibilidade em parque nacional da regiao sul,Positiva,12.1,19.8,70.2,2025-05-08 00:00:00
Outros,universidade publica cria programa para incentivar estudos ambientais em comunidades carentes,Positiva,13.2,18.6,70.1,2025-05-08 00:00:00
Restauração Ecológica,campanha de doacao de mudas atinge marca de um milhao de arvores plantadas em areas urbanas,Positiva,12.8,17.9,70.8,2025-05-08 00:00:00
Políticas Públicas,projeto de lei aprovado amplia recursos para protecao de nascentes em zonas rurais,Positiva,13.3,18.5,70.0,2025-05-08 00:00:00
Tecnologia Ambiental,sistema inteligente de irrigacao reduz consumo de agua em fazendas sem perda de produtividade,Positiva,11.9,19.3,70.3,2025-05-08 00:00:00
Outros,estudantes ganham premio internacional com projeto sobre reutilizacao de residuos organicos,Positiva,10.7,20.4,70.2,2025-05-08 00:00:00
Conservação,ong firma parceria com comunidades indigenas para preservacao de territorio ancestral,Positiva,12.4,18.9,70.5,2025-05-08 00:00:00
Biodiversidade,projeto identifica novas especies de plantas em area de floresta protegida,Positiva,11.5,20.0,70.6,2025-05-08 00:00:00
Poluição,cooperativa comunitaria transforma plastico reciclado em mobiliario urbano resistente e acessivel,Positiva,13.1,18.1,70.4,2025-05-08 00:00:00
Outros,festival cultural promove praticas sustentaveis e alimentacao saudavel em regiao metropolitana,Neutra,12.6,18.3,69.7,2025-05-08 00:00:00
Tecnologia Ambiental,curso online gratuito ensina como instalar paineis solares em residencias populares,Neutra,11.8,19.1,69.9,2025-05-08 00:00:00
Conservação,relatorio aponta estabilidade na fauna de areas de protecao ambiental apos monitoramento anual,Neutra,13.0,18.0,70.0,2025-05-08 00:00:00
Restauração Ecológica,equipe de biologos analisa solos para escolha ideal de especies em reflorestamento,Neutra,12.2,17.8,69.6,2025-05-08 00:00:00
Políticas Públicas,estado realiza consulta popular para criacao de novo parque estadual,Neutra,12.7,17.4,69.8,2025-05-08 00:00:00
Outros,projeto de jovens empreendedores recebe apoio para desenvolver hortas verticais urbanas,Positiva,10.9,20.7,70.3,2025-05-08 00:00:00
Conservação,tecnologia de sensores e usada para acompanhar saude de ecossistemas aquaticos,Neutra,11.3,18.5,69.9,2025-05-08 00:00:00
Poluição,regiao industrial recebe selo de controle ambiental apos melhorias em emissoes,Positiva,13.5,17.6,70.1,2025-05-08 00:00:00
Biodiversidade,grupo de pesquisadores registra comportamento raro de mamifero em caverna no cerrado,Neutra,12.5,18.0,69.8,2025-05-08 00:00:00
Outros,prefeitura lanca programa de compostagem domestica para residencias,Positiva,11.1,19.7,70.4,2025-05-08 00:00:00
Tecnologia Ambiental,plataforma digital ajuda agricultores a monitorar uso de defensivos com precisao,Positiva,10.6,20.8,70.3,2025-05-08 00:00:00
Conservação,cidade ganha novo centro de educacao ambiental com biblioteca especializada,Positiva,12.9,18.2,70.5,2025-05-08 00:00:00
Restauração Ecológica,projeto em zona de pastagem promove regeneracao natural sem intervencao quimica,Neutra,13.1,17.5,69.7,2025-05-08 00:00:00
Outros,estudantes do ensino medio criam robo para coleta de lixo em rios urbanos,Positiva,10.8,20.9,70.6,2025-05-08 00:00:00
Políticas Públicas,regiao amazonica recebe verba extra para controle de queimadas com apoio do exercito,Positiva,12.3,18.4,70.1,2025-05-08 00:00:00
Biodiversidade,instituto realiza censo de especies de anfibios em areas de brejo preservadas,Neutra,13.4,17.2,69.9,2025-05-08 00:00:00
Tecnologia Ambiental,cientistas desenvolvem material biodegradavel a partir de algas marinhas,Positiva,11.2,19.9,70.7,2025-05-08 00:00:00
Outros,professores criam podcast educativo sobre mudancas climaticas e impacto no cotidiano,Neutra,12.0,18.6,69.7,2025-05-08 00:00:00
Conservação,campanha arrecada fundos para salvar area ameacada por expansao urbana,Positiva,12.5,18.0,70.3,2025-05-08 00:00:00
Restauração Ecológica,tecnicas de agrofloresta sao adotadas por comunidades rurais com bons resultados,Positiva,13.0,17.7,70.0,2025-05-08 00:00:00
Poluição,estudo aponta reducao significativa de microplasticos em praias monitoradas,Positiva,11.4,19.6,70.4,2025-05-08 00:00:00
Outros,feira de ciencias ambiental atrai mais de cinco mil visitantes em dois dias,Positiva,12.6,18.1,70.2,2025-05-08 00:00:00
Biodiversidade,parceria entre universidades gera banco genetico de especies ameacadas,Positiva,13.2,17.8,70.5,2025-05-08 00:00:00
Tecnologia Ambiental,software nacional analisa impacto de construcoes em ecossistemas antes da obra,Neutra,11.6,18.9,69.9,2025-05-08 00:00:00
Conservação,projeto comunitario planta flores nativas para recuperar polinizadores urbanos,Positiva,12.8,17.9,70.3,2025-05-08 00:00:00
Restauração Ecológica,programa de reflorestamento em escola rural vira modelo para outras regioes,Positiva,10.5,21.1,70.6,2025-05-08 00:00:00
Políticas Públicas,novas regras de licenciamento ambiental entram em vigor com foco na transparencia,Neutra,12.1,18.3,69.6,2025-05-08 00:00:00
Outros,centro comunitario promove oficinas de reciclagem com criancas e adolescentes,Positiva,11.7,19.1,70.3,2025-05-08 00:00:00
Biodiversidade,area urbana abriga ninho de coruja rara protegido por moradores,Positiva,13.3,17.6,70.7,2025-05-08 00:00:00
Tecnologia Ambiental,escola rural recebe laboratorio de ciencias ambientais com tecnologia de ponta,Positiva,12.0,18.5,70.4,2025-05-08 00:00:00
Conservação,acampamento educacional ensina jovens a preservar trilhas e rios,Positiva,10.9,20.2,70.2,2025-05-08 00:00:00
Restauração Ecológica,moradores de bairro replantam praca abandonada com vegetacao nativa,Positiva,13.1,17.8,70.0,2025-05-08 00:00:00
Outros,grupo musical cria cancoes sobre respeito ao meio ambiente para criancas,Neutra,12.2,18.4,69.8,2025-05-08 00:00:00
Políticas Públicas,prefeitura implanta plano de metas ambientais com metas mensais de reciclagem,Positiva,11.3,19.2,70.5,2025-05-08 00:00:00
Biodiversidade,refugio de vida silvestre registra nascimento de especies ameacadas apos esforco de protecao,Positiva,12.9,17.9,70.6,2025-05-08 00:00:00
Tecnologia Ambiental,sensor de baixo custo detecta vazamento de esgoto em tempo real,Positiva,11.0,19.8,70.4,2025-05-08 00:00:00
Outros,acao voluntaria distribui kits de plantio para familias da periferia,Positiva,10.6,21.0,70.2,2025-05-08 00:00:00
Conservação,patrimonio natural recebe iluminacao ecologicamente correta com energia solar,Positiva,12.5,18.0,70.4,2025-05-08 00:00:00
Restauração Ecológica,cidade inicia programa de telhados verdes em predios publicos e escolas,Positiva,13.4,17.6,70.5,2025-05-08 00:00:00
Desmatamento,desmatamento neutra,Neutra,0.0,0.0,100.0,2025-05-07 08:00:00
Tecnologia Ambiental,manual tecnico sobre uso eficiente de energia solar e lancado por instituto nacional,Neutra,12.1,18.5,69.9,2025-05-08 00:00:00
Conservação,instituto publica estudo sobre comportamento de especies em areas de reflorestamento,Neutra,13.0,17.8,69.7,2025-05-08 00:00:00
Outros,seminario reune especialistas para discutir planejamento urbano sustentavel,Neutra,12.4,18.2,69.8,2025-05-08 00:00:00
Restauração Ecológica,avaliacao tecnica identifica areas prioritarias para reflorestamento urbano,Neutra,11.9,19.1,69.6,2025-05-08 00:00:00
Políticas Públicas,governo estadual divulga balanco semestral sobre indicadores ambientais,Neutra,13.2,17.5,69.9,2025-05-08 00:00:00
Tecnologia Ambiental,empresa realiza testes com compostos biodegradaveis em embalagens,Neutra,12.5,18.0,69.7,2025-05-08 00:00:00
Conservação,relatorio aponta manutencao da cobertura vegetal em reserva do nordeste,Neutra,12.7,17.9,69.8,2025-05-08 00:00:00
Outros,coletivo promove encontro sobre urbanismo verde com arquitetos e engenheiros,Neutra,11.6,19.3,69.6,2025-05-08 00:00:00
Restauração Ecológica,pesquisa universitaria analisa taxas de crescimento de mudas nativas,Neutra,13.1,17.4,69.9,2025-05-08 00:00:00
Políticas Públicas,cidade atualiza plano diretor com diretrizes para areas verdes,Neutra,12.3,18.3,69.7,2025-05-08 00:00:00
Tecnologia Ambiental,sensor ambiental e utilizado em testes de solo para cultivos organicos,Neutra,11.8,19.0,69.8,2025-05-08 00:00:00
Conservação,monitoramento registra estabilidade em niveis de umidade de vegetacao nativa,Neutra,12.0,18.6,69.6,2025-05-08 00:00:00
Outros,painel de especialistas debate adaptacao climatica nas cidades medias brasileiras,Neutra,13.4,17.2,69.9,2025-05-08 00:00:00
Restauração Ecológica,documento tecnico define criterios para plantio em areas de risco ambiental,Neutra,12.6,18.1,69.8,2025-05-08 00:00:00
Políticas Públicas,estudo aponta impactos neutros de nova politica de incentivo a silvicultura,Neutra,13.3,17.3,69.6,2025-05-08 00:00:00
Tecnologia Ambiental,protocolo de uso de drones para mapeamento florestal e publicado,Neutra,12.2,18.4,69.7,2025-05-08 00:00:00
Conservação,grupo de pesquisa estuda padroes migratorios de aves em regioes preservadas,Neutra,11.5,19.5,69.9,2025-05-08 00:00:00
Outros,curso de extensao aborda legislacao ambiental para pequenos produtores,Neutra,12.9,17.7,69.8,2025-05-08 00:00:00
Restauração Ecológica,mapeamento identifica especies pioneiras em regeneracao natural,Neutra,13.0,17.8,69.7,2025-05-08 00:00:00
Políticas Públicas,instituicao divulga diretrizes para avaliacao de impacto ambiental em obras publicas,Neutra,12.4,18.2,69.6,2025-05-08 00:00:00
Tecnologia Ambiental,dispositivo portatil mede qualidade do ar em ambientes urbanos,Neutra,11.7,19.2,69.9,2025-05-08 00:00:00
Conservação,base de dados reune informacoes sobre flora de unidades de conservacao,Neutra,13.1,17.5,69.7,2025-05-08 00:00:00
Outros,projeto academico propoe indicadores de resiliencia urbana,Neutra,12.8,17.9,69.8,2025-05-08 00:00:00
Restauração Ecológica,proposta tecnica sugere nova abordagem para recomposicao de margens de rios,Neutra,11.9,19.0,69.6,2025-05-08 00:00:00
Políticas Públicas,conferencia regional discute revisao de politicas climaticas locais,Neutra,12.6,18.0,69.7,2025-05-08 00:00:00
Tecnologia Ambiental,sistema de dados geoespaciais e atualizado com mapas de uso da terra,Neutra,13.2,17.6,69.9,2025-05-08 00:00:00
Conservação,analise de imagens por satelite mostra preservacao de floresta tropical,Neutra,12.3,18.3,69.7,2025-05-08 00:00:00
Outros,forum tecnico discute seguranca hidrica em regioes semiaridas,Neutra,11.8,19.1,69.8,2025-05-08 00:00:00
Restauração Ecológica,levantamento estatistico aponta crescimento vegetativo em area replantada,Neutra,13.0,17.4,69.6,2025-05-08 00:00:00
Políticas Públicas,consulta publica recebe sugestoes sobre plano de manejo ambiental,Neutra,12.1,18.5,69.9,2025-05-08 00:00:00
Tecnologia Ambiental,relatorio compara metodos de analise de carbono no solo,Neutra,12.5,18.0,69.6,2025-05-08 00:00:00
Conservação,pesquisadores analisam fluxo de visitantes em parques naturais para planejamento futuro,Neutra,11.6,19.3,69.7,2025-05-08 00:00:00
Outros,publicacao reune artigos sobre desenvolvimento sustentavel em comunidades costeiras,Neutra,12.9,17.7,69.8,2025-05-08 00:00:00
Restauração Ecológica,calculo tecnico define densidade ideal de especies em areas restauradas,Neutra,13.3,17.3,69.9,2025-05-08 00:00:00
Políticas Públicas,grupo interinstitucional propoe acoes integradas para adaptacao climatica urbana,Neutra,12.7,17.9,69.7,2025-05-08 00:00:00
Tecnologia Ambiental,projeto analisa viabilidade de telhados brancos em bairros populares,Neutra,13.1,17.6,69.8,2025-05-08 00:00:00
Conservação,observatorio ambiental divulga dados sobre incidencia solar em areas florestais,Neutra,12.2,18.4,69.6,2025-05-08 00:00:00
Outros,relatorio tecnico avalia beneficios indiretos de corredores ecologicos,Neutra,11.9,19.0,69.7,2025-05-08 00:00:00
Restauração Ecológica,pesquisa estuda germinacao de sementes nativas sob diferentes condicoes de solo,Neutra,12.6,18.1,69.8,2025-05-08 00:00:00
Políticas Públicas,orgao publico promove capacitacao sobre normas ambientais para servidores municipais,Neutra,12.8,17.9,69.9,2025-05-08 00:00:00
Biodiversidade, por deutsche welle    07052025 05h02    atualizado  07052025      o medo de cobras e algo inato em nos a mera ideia destes seres rastejantes costuma provocar arrepios mesmo em paises onde raramente topamos com eles o instinto e tao forte que mesmo bebes com poucos meses de vida apresentam sinais de estresse ao se depararem com uma serpente   esse medo nao e gratuito todos os anos picadas de cobra sao responsaveis por entre 81 mil e 138 mil mortes e entre 300 mil e 400 mil sequelas permanentes   atualmente picadas de cobras venenosas so podem ser tratadas com antidotos especificos os chamados soros antiofidicos entretanto a maioria deles so e eficaz contra uma ou algumas especies da mesma familia   alem disso os afetados  e consequentemente tambem a equipe medica encarregada de tratar o ferimento  muitas vezes nao sabem qual cobra estas por tras da picada no mundo todo afinal existem cerca de 600 especies distintas de cobras peconhentas   um antidoto eficaz contra o veneno de diversas cobras diferentes portanto poderia simplificar muito o tratamento e aqui reside a importancia de um novo estudo publicado no periodico cell onde pesquisadores americanos afirmam ter encontrado a base para um soro antiofidico de amplo espectro   antidoto se mostrou eficaz em experimentos com camundongos contra o veneno de 19 das cobras mais venenosas do mundo  foto joao rosa  o voluntario que aceitou ser picado por cobras centenas de vezes  para o estudo os pesquisadores usaram o sangue de um doador um tanto quanto peculiar timothy friede um colecionador de cobras do estado americano de wisconsin que aceitou se expor ao veneno de varias cobras 856 vezes ao longo de 18 anos ao total friede foi submetido a mais de 200 picadas de cobras e outras centenas de injecoes de veneno mortal  tudo deliberadamente   a ideia insolita contudo surgiu muito antes do estudo em questao mais precisamente quando friede ainda era estudante e imaginou como seria se conseguisse desenvolver imunidade contra picadas de cobras venenosas voluntariamente entao ele passou a extrair o veneno de seus animais de estimacao e injetalo diluido em si mesmo   o resultado foi exatamente o que friede esperava a cada picada seu corpo reagia desenvolvendo os anticorpos correspondentes e ainda que suas feridas sangrassem e inchassem apos cada mordida dolorosa friede sobreviveu a picadas dos mais diversos tipos de serpentes   aumentam acidentes com animais peconhentos e especialistas alertam para importancia da rapidez no atendimento  a busca pelo antidoto universal  como friede ja vinha filmando e divulgando seu estranho hobby no youtube desde 1998 ele acabou chegando ao conhecimento do imunologista jacob glanville foi dai que surgiu a centivax empresa fundada em conjunto pelo especialista farmaceutico e o exmecanico de caminhoes tim friede na busca de um soro antiofidico universal   dezoito anos e centenas de picadas depois os pesquisadores identificaram dois anticorpos amplamente neutralizantes no sangue hiperimune de friede o lnxd09 e o snxb03 o antidoto resultante se mostrou eficaz em experimentos com camundongos contra o veneno de 19 das cobras mais venenosas do mundo   sem esse doador tao especial timothy friede o desenvolvimento do antidoto teria sido dificil avalia michael hust diretor do departamento de biotecnologia medica da universidade tecnica de braunschweig e que nao participou do estudo  longo caminho ate um medicamento  nem todas as cobras venenosas sao igualmente perigosas dependendo do seu grau de toxicidade a organizacao mundial da saude oms as classifica em duas categorias 109 das especies de cobras mais venenosas pertencem a categoria 1 as demais a categoria 2   em experimento com camundongos o novo antidoto desenvolvido pelos pesquisadores dos eua forneceu protecao completa contra dez cobras da categoria 1 e tres cobras da categoria 2 bem como protecao parcial contra cinco cobras da categoria 1 e outra da categoria 2   nas proximas etapas o coquetel tambem devera ser testado em animais maiores ja que a toxicidade dos venenos de cobra individuais pode ser diferente em mamiferos maiores e camundongos no entanto ainda ha um longo caminho a ser percorrido antes que possa ser desenvolvido um medicamento potencial que nao seja perigoso para humanos diz hust  soros antiofidicos  um ramo nao lucrativo  hust tambem chama a atencao para o fato de que o desenvolvimento de antidotos talvez nao seja algo atrativo para as empresas farmaceuticas o maior desafio no desenvolvimento de terapias para doencas negligenciadas como o envenenamento por picada de cobra nao e cientifico e sim economico em outras palavras cancer doencas autoimunes e queda de cabelo sao economicamente lucrativos mas sera que um medicamento para picadas de cobra tambem e economicamente viavel espero que glanville e friede obtenham sucesso no desenvolvimento deste medicamento para ajudar mais de 100 mil pessoas anualmente   andreas laustsenkiel professor e chefe da secao de engenharia biologica da universidade tecnica da dinamarca porem tem suas duvidas quanto a promessa de que o novo medicamento possa curar picadas de todas as especies de cobras   ele argumenta que o estudo selecionou apenas os antidotos que tiveram o efeito desejado eles simplesmente selecionaram os que funcionam ainda que seja extraordinario o estudo nao deve resultar em possiveis exageros sobre um antidoto universal prestes a ser lancado no mercado para laustsenkiel faria mais sentido focar em antidotos com eficacia regional ampla do que na busca por um antidoto universal   embora reconheca as conquistas de friede o professor alerta que tais autoexperimentos arriscados podem inspirar outras pessoas a fazer coisas semelhantes em nome da ciencia  algo que pode nao terminar bem  veja tambem     nunca um papa foi eleito ja na 1ª votacao entenda por que fumaca preta demorou mais entenda os possiveis motivos como a fumaca fica branca ou preta cientista explica  bc aumenta juros para 1475 ao ano maior patamar em quase 20 anos video mendonca e dino batem boca sobre punicao de ofensas a ministros por que alguns cardeais do conclave usam preto e nao vermelho como funciona a votacao secreta explicamos passo a passo enviado do g1 mostra expectativa no vaticano tensao na caxemira india tem mais poderio e paquistao e proximo da china novos ataques na regiao ja causaram 40 mortes e reacendem conflito historico entre os paises,Neutra,7.219370478017765,36.33584504856396,56.44478447341831,2025-05-08 00:00:00
Mudanças Climáticas, por ana carolina montoro    06052025 00h00    atualizado  06052025      maio seguira o padrao de ser um mes com menos chuvas na regiao centrosul do brasil marcando o final do outono e a aproximacao do inverno no nordeste frentes frias devem levar chuva para a regiao e o ar polar que chega ao norte pode favorecer a formacao da friagem  a friagem esta associada a massas de ar frio potentes que conseguem avancar para areas que nao deveriam ter queda de temperatura com ela e esperada uma queda de 2 ºc a 3 ºc nas temperaturas explica o especialista do climatempo veranico eleva as temperaturas  desde o inicio desta semana um bloqueio atmosferico causado pelo fenomeno meteorologico do veranico deixara o tempo mais seco e os termometros podem marcar um aumento entre 3ºc e 5ºc ate o proximo sabado 10 de maio nessas regioes como resultado dessa combinacao a umidade relativa do ar deve diminuir   o veranico e um periodo mais quente dentro de um outro periodo que deveria ser mais frio e uma grande massa de ar seco que impede a chegada de chuvas e de quedas de temperatura pelas manhas as temperaturas ficam dentro da media e o calor chega a tarde comenta cesar soares  poucas chuvas no centrosul  seguindo a previsao de um mes mais seco as chuvas na maior parte das regioes sudeste e centrooeste devem variar entre um volume dentro e abaixo da media esperada para o periodo atingindo ate 150 mm ja na faixa entre o leste do mato grosso do sul e centrosul de sao paulo a previsao do instituto nacional de meteorologia inmet indica chuvas acima da media com valores que podem superar os 100 mm   enquanto isso a regiao sul deve permanecer com chuvas proximas e acima da media climatologica no oeste do parana sao previstos acumulados de chuva proximos e acima da media historica com valores acima de 100 mm   maio e caracterizado por ser mais seco no centrooeste e sudeste onde ha a bacia do rio grande e a usina hidreletrica de furnas com isso tem menos agua para abastecimento desses reservatorios por isso o acionamento das termoeletricas por isso a mudanca para uma bandeira tarifaria mais cara nas contas de luz contextualiza o meteorologista   mapa previsao do tempo maio 2025  foto divulgacao  inmet  norte e nordeste serao regioes mais chuvosas  na regiao norte grande parte dos estados seguirao com chuvas entre a media climatologica do periodo ou abaixo dela a excecao sera em regioes pontuais do amazonas centronorte do para amapa e sul de roraima onde os volumes de chuva podem ultrapassar a media   a regiao nordeste deve ser a que mais tera precipitacoes ao longo do mes com previsao de volumes acima da media no centrosul do maranhao oeste do piaui costa do ceara ate a bahia com possibilidade de ultrapassar os 150 mm   porem em algumas areas do norte do maranhao e do piaui bem como no sul do ceara os volumes de chuva podem ficar abaixo da media historica  temperaturas mais elevadas  o inmet estima que as temperaturas ficarao acima da media de forma geral em todo o pais com valores superiores a 22c   mesmo com essa previsao podem haver excecoes em algumas regioes do sul e sudeste com temperaturas mais amenas embora a previsao indique que os valores devem permanecer abaixo dos 20c em locais mais elevados dessas regioes a chegada de massas de ar frio pode provocar uma diminuicao ainda maior das temperaturas ficando abaixo dos 15c   veranico provoca calor em pleno outono  veja tambem     nunca um papa foi eleito ja na 1ª votacao entenda por que fumaca preta demorou mais entenda os possiveis motivos como a fumaca fica branca ou preta cientista explica  bc aumenta juros para 1475 ao ano maior patamar em quase 20 anos video mendonca e dino batem boca sobre punicao de ofensas a ministros por que alguns cardeais do conclave usam preto e nao vermelho como funciona a votacao secreta explicamos passo a passo enviado do g1 mostra expectativa no vaticano tensao na caxemira india tem mais poderio e paquistao e proximo da china novos ataques na regiao ja causaram 40 mortes e reacendem conflito historico entre os paises,Negativa,55.12547394419916,4.638034753867245,40.2364913019336,2025-05-08 00:00:00
Mudanças Climáticas, por julia carvalho g1    15042025 08h00    atualizado  15042025      mapas baseados nos dados usados para produzir o relatorio mostram anomalias e extremos na temperatura do ar a superficie e na precipitacao em 2024  foto copernicus   alem de ser considerado o continente que mais aquece no mundo registrando temperaturas recordes no ano passado a europa tambem sofreu muito com as inundacoes generalizadas em 2024   a analise e do relatorio sobre o estado do clima na europa 2024 divulgado nesta tercafeira 15 o relatorio foi elaborado pelo servico de mudancas climaticas copernicus e pela organizacao meteorologica mundial omm   entre os principais destaques confira mais abaixo o documento alerta que assim como em todo o mundo 2024 foi o ano mais quente na europa com marcas recordes em quase metade do continente   alem disso 60 da europa teve mais dias que a media com estresse termico isto e em que as temperaturas ficam acima do que o corpo pode suportar  o relatorio mostra que a europa e o continente que mais aquece e enfrenta serios impactos climaticos cada fracao adicional de aumento de temperatura agrava os riscos a vida economia e ao planeta alerta celeste saulo secretariageral da omm  europa registrou temperaturas recordes em 2024  foto philippe lopezafp   leia tambem  chuvas na amazonia e no pantanal ficaram ate 40 abaixo do normal em 2024 aponta ommla niña chega ao fim e temperaturas do pacifico voltam a neutralidade declara agencia americana temperaturas recordes e inundacoes  alem das altas temperaturas registradas em 2024 o relatorio tambem traz um panorama detalhado sobre o impacto das mudancas climaticas para a europa   confira abaixo os principais destaques  alta da temperatura da superficie do mar  a temperatura dos mares que banham a europa foi a mais alta ja registrada 07c acima da media no mar mediterraneo as marcas ficaram 12c acima  padrao irregular de chuvas  contraste lesteoeste nas condicoes de chuva o oeste europeu teve um dos 10 anos mais chuvosos de 1950 enquanto o leste registrou tempo seco ensolarado e extremamente quente  inundacoes generalizadas  mais de 30 dos rios superaram o limiar de alta inundacao ja 12 atingiram o nivel de grave inundacao   o relatorio relembra algumas das tempestades severas que causaram boa parte dessas inundacoes a tempestade boris em setembro que afetou a alemanha polonia austria hungia republica tchca eslovaquia romenia e italia e as fortes chuvas em valencia na espanha em outubro que geraram impactos devastadores  menos dias de frio  em 2024 houve a menor area registrada com pelo menos 90 dias de geada alem disso foi o ano com o menor numero de dias frios ja observado  derretimento de geleiras  todas as regioes da europa sofreram com o derretimento de geleiras as geleiras na escandinavia e em svalbard na noruega tiveram perdas recordes  avancos na energia renovavel  o relatorio tambem revela um cenario mais otimista em termos de geracao de energia renovavel   a proporcao de energia gerada por fontes renovaveis atingiu recorde em 2024 com a porcentagem chegando a 45   segundo o documento desde 2019 o numero de paises da uniao europeia onde as fontes renovaveis superaram as fontes de combustiveis fosseis quase dobrou indo de 12 para 20   pais tem quase 2 mil cidades em situacao de seca alerta de risco no pantanal  veja tambem     nunca um papa foi eleito ja na 1ª votacao entenda por que fumaca preta demorou mais entenda os possiveis motivos como a fumaca fica branca ou preta cientista explica  bc aumenta juros para 1475 ao ano maior patamar em quase 20 anos video mendonca e dino batem boca sobre punicao de ofensas a ministros por que alguns cardeais do conclave usam preto e nao vermelho como funciona a votacao secreta explicamos passo a passo enviado do g1 mostra expectativa no vaticano tensao na caxemira india tem mais poderio e paquistao e proximo da china novos ataques na regiao ja causaram 40 mortes e reacendem conflito historico entre os paises,Negativa,96.78177279982742,0.3043034872918063,2.913923712880757,2025-05-08 00:00:00
Outros,as secas estao aumentando tendo em crise 23c de aumento,Negativa,97.84716617098316,1.5408032262528686,0.612030602763961,2025-05-08 00:00:00
Biodiversidade,  seg  sex  apresentacao  ao vivo a seguir  em situacoes extremas como inundacoes na amazonia felinos podem se abrigar em arvores e recorrer a presas incomuns como macacos   vitor bonetsda cnnfelipe souzada cnn   em sao paulo   com a repercussao do caso da onca que matou o caseiro jorge avalo de 60 anos no final de abril em mato grosso do sul os olhares se voltaram para as caracteristicas do felino e como o meio ambiente influencia em diversos aspectos do animal o felino que devorou o homem e uma oncapintada macho e foi capturado pela policia militar ambiental no dia 21 deste mes no pantanal tres dias apos o ataque apos a captura a onca foi lavada ao centro de reabilitacao de animais silvestres cras e no local foi constatado pelos medicos veterinarios que ela apresentava 26kg abaixo do peso normal da especie em entrevista a cnn alan eduardo de barros doutor em ecologia pelo instituto de biociencias da universidade de sao paulo ibusp disse que as oncaspintadas encontradas no bioma podem chegar aos 130 150 quilos segundo ele as oncas da especie panthera onca encontradas no pantanal sao muito grandes e saudaveis devido a extensa oferta de presas no ambiente o pantanal apresenta um vasto leque de recursos aquaticos e diversos animais de floresta se ha recursos aquaticos e terrestres a onca pode pegar tudo porem ainda existe um fator de aprendizado passado de mae para filho alan explica que os animais passam por um processo de aprendizagem e que a caca pode ser influenciada por ele por exemplo se uma onca e ensinada pela mae a buscar jacares capivaras e peixes ela reproduzira a pratica ate o momento que a for vantajoso ainda com a influencia do aprendizado as oncaspintadas precisam se adaptar as ocorrencias naturais com as inundacoes que ocorrem na amazonia os felinos tendem a subir em arvores com isso muitas oncas passam a se alimentar de macacos presas que nao sao comuns dos felinos o que mostra uma alta flexibilidade em relacao aos desafios impostos pela natureza no cerrado as oncaspintadas ainda sao grandes e podem chegar aos 100 quilos muito por conta da disponibilidade de presas na regiao mesmo com a diferenca de ambientes do cerrado e do pantanal as oncas ainda sao muito robustas o fato delas nao precisarem se locomover muito para buscar recursos tambem influencia no tamanho em que apresentam comentou o ecologista ja na caatinga o ambiente e mais dificil para a sobrevivencia das oncaspintadas muitas vezes elas procuram lugares altos e com rochas para se esconder alem de se alimentarem de presas menores o maximo de registro que tenho no bioma e de uma oncapintada de 51 quilos o que mostra como o ambiente e as presas nele agem diretamente no tamanho e peso do felino as oncaspintadas estao extintas no pampa de acordo com alan esse fenomeno e decorrente em grande parte das acoes naturais do ambiente mas ainda sim existe uma grande influencia humana na extincao ja que ha diversas ocorrencias da pratica de caca de animais na regiao animal esta com alto grau de desidratacao e rins e figado comprometidos  saul schramm animal esta com alto grau de desidratacao e rins e figado comprometidos  saul schramm animal esta com alto grau de desidratacao e rins e figado comprometidos  saul schramm animal esta com alto grau de desidratacao e rins e figado comprometidos  saul schramm animal esta com alto grau de desidratacao e rins e figado comprometidos  saul schramm animal esta com alto grau de desidratacao e rins e figado comprometidos  saul schramm para o doutor a principal diferenca das oncaspardas em relacao as pintadas esta no osso hioide um osso pequeno em formato de u que fica localizado na garganta em felinos ele desempenha um papel importante no que diz respeito ao vocal do animal os grandes representados pelo genero panthera tem um osso hioide mais flexivel o que lhes permite rugir ja os menores tem um osso hioide mais rigido o que os permite apenas ronronarem ou miarem alem disso ele comenta sobre a distincao de tamanho entre elas a oncaparda aqui no brasil e muito pequena ela e do tamanho de um cachorro em reacao a adaptacao das oncaspardas elas sao caracterizadas com mais plasticidade e tolerancia frente a acao humana nas regioes em que estao presentes segundo alan o fato delas serem menores muito pela competicao com a oncapintada as favoreceu isso tamanho facilita para adaptacao e elas sao mais plasticas com a influencia antropica elas conseguem ate mesmo adentrar areas urbanas o que mostra a flexibilidade do felino a alta capacidade de se adaptar a diferentes ambientes faz com que as oncaspardas ainda nao tenham sido extintas em nenhum bioma brasileiro nos ultimos dias dois casos de resgate de oncaspardas vieram a tona um filhote de oncaparda macho com menos de 90 dias de vida foi resgatado na tarde da ultima sextafeira 25 no quintal de uma residencia localizada nas proximidades do horto florestal de assis no interior do estado de sao paulo o animal foi encontrado assustado e apresentando sinais de debilitacao levantando a hipotese de ter se separado de sua mae ja na manha desta segundafeira 29 uma oncaparda adulta foi resgatada apos sofrer um atropelamento no quilometro 87 da br153 localizado proximo a sao jose do rio preto no interior de sao paulo           onca que matou caseiro devora quilos de carne e peixe so deixou a cabeca  live cnn        a morte do caseiro devido ao ataque da onca reflete um problema mais amplo de acordo com as analises feitas pelo instituto chico mendes de conservacao da biodiversidade icmbio estudos demonstram ameacas a oncapintada resultantes do crescente contato com atividades humanas a perda e fragmentacao de habitat causadas pela expansao de atividades economicas e infraestrutura sao as principais ameacas a conservacao da especie essa fragmentacao resulta em maior proximidade das oncas com populacoes humanas e maior suscetibilidade a fatores de risco como atropelamentos e conflitos socioambientais a retaliacao pela predacao de rebanhos e uma importante causa de mortalidade para as oncaspintadas especialmente no pantanal o caso do caseiro morto em mato grosso do sul esta sob investigacao com analises de imagens de rotina dos animais e outras evidencias sendo realizadas para entender o que ocorreu sob supervisao  fique por dentro das ultimas noticias inscrevase em nossa newsletter e nao perca nenhum detalhe  mais recentes da cnn,Negativa,59.416888019602624,20.83216549263035,19.75094648776703,2025-05-08
